/*******************************************************************************
 * Size: 22 px
 * Bpp: 1
 * Opts: --bpp 1 --size 22 --font D:/Arduino/Genuino/New square/assets/Montserrat-SemiBold.ttf -o D:/Arduino/Genuino/New square/assets\ui_font_Font22.c --format lvgl -r 0x0020-0x007F -r 0x0400-0x04FF --no-compress --no-prefilter
 ******************************************************************************/

#include "ui.h"

#ifndef UI_FONT_FONT22
#define UI_FONT_FONT22 1
#endif

#if UI_FONT_FONT22

/*-----------------
 *    BITMAPS
 *----------------*/

/*Store the image of the glyphs*/
static LV_ATTRIBUTE_LARGE_CONST const uint8_t glyph_bitmap[] = {
    /* U+0020 " " */
    0x0,

    /* U+0021 "!" */
    0xff, 0xff, 0xff, 0xfc, 0x1, 0xff,

    /* U+0022 "\"" */
    0xcf, 0x3c, 0xf3, 0xcf, 0x30,

    /* U+0023 "#" */
    0x6, 0x30, 0x18, 0x60, 0x30, 0xc0, 0x61, 0x87,
    0xff, 0xef, 0xff, 0xc3, 0x18, 0x6, 0x30, 0xc,
    0x60, 0x30, 0xc3, 0xff, 0xf7, 0xff, 0xe1, 0x86,
    0x3, 0xc, 0x6, 0x18, 0xc, 0x60,

    /* U+0024 "$" */
    0x6, 0x0, 0x60, 0x1f, 0xc7, 0xfe, 0x7e, 0xee,
    0x60, 0xe6, 0xe, 0x60, 0xfe, 0x7, 0xf8, 0x1f,
    0xe0, 0x7f, 0x6, 0x70, 0x67, 0xc6, 0x7f, 0x7e,
    0xff, 0xe3, 0xf8, 0x6, 0x0, 0x60, 0x6, 0x0,

    /* U+0025 "%" */
    0x38, 0x6, 0x1f, 0x3, 0xe, 0xe1, 0xc3, 0x18,
    0x60, 0xc6, 0x30, 0x31, 0x9c, 0xe, 0xe6, 0x1,
    0xf3, 0x3c, 0x39, 0x9f, 0x80, 0x6e, 0x70, 0x33,
    0xc, 0x18, 0xc3, 0x6, 0x30, 0xc3, 0xe, 0x71,
    0x81, 0xf8, 0x60, 0x3c,

    /* U+0026 "&" */
    0xf, 0x80, 0x3f, 0x80, 0xe3, 0x81, 0xc7, 0x3,
    0x8e, 0x7, 0xb8, 0x7, 0xe0, 0x7, 0x80, 0x3f,
    0x8, 0xe7, 0x9b, 0x87, 0xf7, 0x7, 0xce, 0x7,
    0x9e, 0x1f, 0x9f, 0xff, 0x8f, 0xc2,

    /* U+0027 "'" */
    0xff, 0xf0,

    /* U+0028 "(" */
    0x18, 0xe3, 0x1c, 0x71, 0xce, 0x38, 0xe3, 0x8e,
    0x38, 0xe3, 0x8e, 0x1c, 0x71, 0xc3, 0xe, 0x18,

    /* U+0029 ")" */
    0x61, 0xc3, 0xe, 0x38, 0xe1, 0xc7, 0x1c, 0x71,
    0xc7, 0x1c, 0x71, 0xce, 0x38, 0xe3, 0x1c, 0x60,

    /* U+002A "*" */
    0x18, 0x99, 0xff, 0x7e, 0x7e, 0xff, 0x99, 0x18,

    /* U+002B "+" */
    0xe, 0x3, 0x80, 0xe0, 0x38, 0xff, 0xff, 0xf0,
    0xe0, 0x38, 0xe, 0x3, 0x80,

    /* U+002C "," */
    0xff, 0xb5, 0xb0,

    /* U+002D "-" */
    0xff, 0xf0,

    /* U+002E "." */
    0xff, 0x80,

    /* U+002F "/" */
    0x1, 0xc0, 0x70, 0x18, 0xe, 0x3, 0x80, 0xc0,
    0x70, 0x18, 0x6, 0x3, 0x80, 0xc0, 0x30, 0x1c,
    0x6, 0x1, 0x80, 0xe0, 0x30, 0xc, 0x7, 0x1,
    0x80, 0x60, 0x0,

    /* U+0030 "0" */
    0xf, 0x81, 0xff, 0xe, 0x38, 0xe0, 0xe6, 0x3,
    0x70, 0x1f, 0x80, 0xfc, 0x7, 0xe0, 0x3f, 0x1,
    0xf8, 0xe, 0xc0, 0x67, 0x7, 0x1c, 0x70, 0xff,
    0x81, 0xf0,

    /* U+0031 "1" */
    0xff, 0xfc, 0x38, 0x70, 0xe1, 0xc3, 0x87, 0xe,
    0x1c, 0x38, 0x70, 0xe1, 0xc3, 0x87,

    /* U+0032 "2" */
    0x1f, 0x87, 0xfe, 0x70, 0xe2, 0x7, 0x0, 0x70,
    0x7, 0x0, 0xf0, 0xe, 0x1, 0xe0, 0x3c, 0x7,
    0x80, 0xf0, 0x1e, 0x3, 0xc0, 0x7f, 0xf7, 0xff,

    /* U+0033 "3" */
    0x7f, 0xf7, 0xff, 0x1, 0xe0, 0x1c, 0x3, 0x80,
    0x70, 0xf, 0x0, 0xfc, 0xf, 0xe0, 0xf, 0x0,
    0x70, 0x7, 0x40, 0x76, 0xe, 0xff, 0xe3, 0xf8,

    /* U+0034 "4" */
    0x1, 0xc0, 0xe, 0x0, 0x78, 0x1, 0xc0, 0xe,
    0x0, 0x70, 0x1, 0xc0, 0xe, 0x38, 0x70, 0xe1,
    0xc3, 0x8f, 0xff, 0xff, 0xff, 0x0, 0xe0, 0x3,
    0x80, 0xe, 0x0, 0x38,

    /* U+0035 "5" */
    0x3f, 0xe3, 0xfe, 0x30, 0x3, 0x0, 0x70, 0x7,
    0x0, 0x7f, 0x87, 0xfe, 0x0, 0xe0, 0x7, 0x0,
    0x70, 0x7, 0x40, 0x76, 0xe, 0xff, 0xc3, 0xf8,

    /* U+0036 "6" */
    0xf, 0xe1, 0xfe, 0x38, 0x7, 0x0, 0x60, 0xe,
    0x0, 0xef, 0x8f, 0xfe, 0xf8, 0xef, 0x7, 0xe0,
    0x7e, 0x7, 0x70, 0x77, 0x8e, 0x3f, 0xe0, 0xf8,

    /* U+0037 "7" */
    0xff, 0xff, 0xff, 0xe0, 0x7e, 0xe, 0xe0, 0xe0,
    0x1c, 0x1, 0xc0, 0x1c, 0x3, 0x80, 0x38, 0x7,
    0x0, 0x70, 0x7, 0x0, 0xe0, 0xe, 0x1, 0xc0,

    /* U+0038 "8" */
    0x1f, 0x83, 0xff, 0x3c, 0x39, 0xc0, 0xee, 0x7,
    0x70, 0x39, 0xc3, 0xc7, 0xfc, 0x7f, 0xe3, 0x83,
    0xb8, 0xf, 0xc0, 0x7e, 0x3, 0xb8, 0x39, 0xff,
    0xc3, 0xf8,

    /* U+0039 "9" */
    0x1f, 0x7, 0xfc, 0x71, 0xee, 0xe, 0xe0, 0x7e,
    0x7, 0xe0, 0xf7, 0x1f, 0x7f, 0xf1, 0xf7, 0x0,
    0x70, 0xe, 0x0, 0xe0, 0x1c, 0x7f, 0x87, 0xf0,

    /* U+003A ":" */
    0xff, 0x80, 0x0, 0x1f, 0xf0,

    /* U+003B ";" */
    0xff, 0x80, 0x0, 0xff, 0xb5, 0xb0,

    /* U+003C "<" */
    0x0, 0x40, 0xf0, 0xfd, 0xf8, 0xf0, 0x38, 0xf,
    0xc0, 0x7e, 0x7, 0xc0, 0x30,

    /* U+003D "=" */
    0xff, 0xff, 0xf0, 0x0, 0x0, 0x0, 0x3f, 0xff,
    0xfc,

    /* U+003E ">" */
    0x80, 0x3c, 0xf, 0xc0, 0x7e, 0x3, 0xc0, 0x70,
    0xfc, 0xf8, 0xf8, 0x30, 0x0,

    /* U+003F "?" */
    0x3f, 0x1f, 0xfb, 0x87, 0xa0, 0x70, 0xe, 0x1,
    0xc0, 0x70, 0x1c, 0x7, 0x1, 0xc0, 0x38, 0x0,
    0x0, 0x0, 0x1c, 0x3, 0x80, 0x70,

    /* U+0040 "@" */
    0x1, 0xfc, 0x0, 0x3f, 0xf8, 0x7, 0x80, 0xf0,
    0x70, 0x1, 0xc3, 0x1f, 0x77, 0x31, 0xff, 0x99,
    0x9c, 0x3c, 0xd9, 0xe1, 0xe3, 0xce, 0x7, 0x1e,
    0x70, 0x38, 0xf3, 0x81, 0xc7, 0x9c, 0xe, 0x3c,
    0xf0, 0xf1, 0xb3, 0x87, 0x99, 0x8f, 0xff, 0xce,
    0x3e, 0x78, 0x38, 0x0, 0x0, 0xf0, 0x10, 0x1,
    0xff, 0x80, 0x3, 0xf8, 0x0,

    /* U+0041 "A" */
    0x1, 0xc0, 0x1, 0xe0, 0x0, 0xf8, 0x0, 0xfc,
    0x0, 0x77, 0x0, 0x73, 0x80, 0x38, 0xc0, 0x18,
    0x70, 0x1c, 0x38, 0xe, 0xe, 0xf, 0xff, 0x7,
    0xff, 0xc7, 0x0, 0xe3, 0x80, 0x39, 0x80, 0x1d,
    0xc0, 0xe,

    /* U+0042 "B" */
    0xff, 0xc3, 0xff, 0xce, 0x7, 0xb8, 0xe, 0xe0,
    0x3b, 0x80, 0xee, 0x7, 0x3f, 0xfc, 0xff, 0xf3,
    0x80, 0xee, 0x1, 0xf8, 0x7, 0xe0, 0x1f, 0x80,
    0xff, 0xff, 0xbf, 0xf8,

    /* U+0043 "C" */
    0x7, 0xf0, 0x7f, 0xf3, 0xc1, 0xde, 0x2, 0x70,
    0x3, 0x80, 0xe, 0x0, 0x38, 0x0, 0xe0, 0x3,
    0x80, 0xe, 0x0, 0x1c, 0x0, 0x78, 0x8, 0xf0,
    0x71, 0xff, 0xc1, 0xfc,

    /* U+0044 "D" */
    0xff, 0xc1, 0xff, 0xe3, 0x81, 0xe7, 0x1, 0xee,
    0x1, 0xdc, 0x1, 0xf8, 0x3, 0xf0, 0x7, 0xe0,
    0xf, 0xc0, 0x1f, 0x80, 0x3f, 0x0, 0xee, 0x3,
    0xdc, 0xf, 0x3f, 0xfc, 0x7f, 0xe0,

    /* U+0045 "E" */
    0xff, 0xff, 0xff, 0xe0, 0xe, 0x0, 0xe0, 0xe,
    0x0, 0xe0, 0xf, 0xfe, 0xff, 0xee, 0x0, 0xe0,
    0xe, 0x0, 0xe0, 0xe, 0x0, 0xff, 0xff, 0xff,

    /* U+0046 "F" */
    0xff, 0xff, 0xff, 0xe0, 0xe, 0x0, 0xe0, 0xe,
    0x0, 0xe0, 0xe, 0x0, 0xff, 0xef, 0xfe, 0xe0,
    0xe, 0x0, 0xe0, 0xe, 0x0, 0xe0, 0xe, 0x0,

    /* U+0047 "G" */
    0x7, 0xf0, 0x7f, 0xf3, 0xc3, 0xde, 0x2, 0x70,
    0x3, 0x80, 0xe, 0x0, 0x38, 0x0, 0xe0, 0x1f,
    0x80, 0x7e, 0x1, 0xdc, 0x7, 0x78, 0x1c, 0xf0,
    0xf1, 0xff, 0xc1, 0xfc,

    /* U+0048 "H" */
    0xe0, 0x1f, 0x80, 0x7e, 0x1, 0xf8, 0x7, 0xe0,
    0x1f, 0x80, 0x7e, 0x1, 0xff, 0xff, 0xff, 0xff,
    0x80, 0x7e, 0x1, 0xf8, 0x7, 0xe0, 0x1f, 0x80,
    0x7e, 0x1, 0xf8, 0x7,

    /* U+0049 "I" */
    0xff, 0xff, 0xff, 0xff, 0xff, 0xff,

    /* U+004A "J" */
    0x7f, 0xdf, 0xf0, 0x1c, 0x7, 0x1, 0xc0, 0x70,
    0x1c, 0x7, 0x1, 0xc0, 0x70, 0x1c, 0x7, 0x41,
    0xf8, 0xef, 0xf8, 0xf8,

    /* U+004B "K" */
    0xe0, 0x3b, 0x81, 0xce, 0xf, 0x38, 0x78, 0xe3,
    0xc3, 0x9e, 0xe, 0x70, 0x3b, 0xc0, 0xff, 0x3,
    0xee, 0xf, 0x3c, 0x38, 0x78, 0xe0, 0xf3, 0x81,
    0xce, 0x3, 0xb8, 0xf,

    /* U+004C "L" */
    0xe0, 0x1c, 0x3, 0x80, 0x70, 0xe, 0x1, 0xc0,
    0x38, 0x7, 0x0, 0xe0, 0x1c, 0x3, 0x80, 0x70,
    0xe, 0x1, 0xc0, 0x3f, 0xff, 0xff,

    /* U+004D "M" */
    0xe0, 0x3, 0xf0, 0x1, 0xfc, 0x1, 0xff, 0x1,
    0xff, 0x80, 0xff, 0xe0, 0xff, 0xb0, 0x6f, 0xdc,
    0x77, 0xe6, 0x33, 0xf3, 0xb9, 0xf8, 0xd8, 0xfc,
    0x7c, 0x7e, 0x1c, 0x3f, 0x4, 0x1f, 0x80, 0xf,
    0xc0, 0x7,

    /* U+004E "N" */
    0xe0, 0x1f, 0xc0, 0x7f, 0x1, 0xfe, 0x7, 0xfc,
    0x1f, 0xf8, 0x7e, 0xf1, 0xf9, 0xc7, 0xe3, 0x9f,
    0x8f, 0x7e, 0x1f, 0xf8, 0x3f, 0xe0, 0x7f, 0x80,
    0xfe, 0x3, 0xf8, 0x7,

    /* U+004F "O" */
    0x7, 0xf0, 0xf, 0xfe, 0xf, 0x7, 0x8f, 0x1,
    0xe7, 0x0, 0x77, 0x0, 0x1f, 0x80, 0xf, 0xc0,
    0x7, 0xe0, 0x3, 0xf0, 0x1, 0xf8, 0x0, 0xee,
    0x0, 0xe7, 0x80, 0xf1, 0xe0, 0xf0, 0x7f, 0xf0,
    0xf, 0xe0,

    /* U+0050 "P" */
    0xff, 0xc7, 0xff, 0x38, 0x3d, 0xc0, 0xfe, 0x3,
    0xf0, 0x1f, 0x80, 0xfc, 0xf, 0xe0, 0x77, 0xff,
    0x3f, 0xe1, 0xc0, 0xe, 0x0, 0x70, 0x3, 0x80,
    0x1c, 0x0,

    /* U+0051 "Q" */
    0x7, 0xf0, 0x7, 0xff, 0x3, 0xc1, 0xe1, 0xe0,
    0x3c, 0x70, 0x7, 0x38, 0x0, 0xee, 0x0, 0x3b,
    0x80, 0xe, 0xe0, 0x3, 0xb8, 0x0, 0xef, 0x0,
    0x79, 0xc0, 0x1c, 0x7c, 0x1f, 0xf, 0xff, 0x80,
    0xff, 0xc0, 0xf, 0x80, 0x0, 0xf1, 0x80, 0x1f,
    0xf0, 0x1, 0xf0,

    /* U+0052 "R" */
    0xff, 0x87, 0xff, 0x38, 0x3d, 0xc0, 0x7e, 0x3,
    0xf0, 0x1f, 0x80, 0xfc, 0xf, 0xe0, 0x77, 0xff,
    0x3f, 0xf1, 0xc3, 0x8e, 0xe, 0x70, 0x3b, 0x81,
    0xdc, 0x7,

    /* U+0053 "S" */
    0x1f, 0xc7, 0xfe, 0x70, 0x6e, 0x0, 0xe0, 0xf,
    0x0, 0xfc, 0x7, 0xfc, 0x3f, 0xe0, 0x7f, 0x0,
    0xf0, 0x7, 0x0, 0x7e, 0xe, 0xff, 0xe3, 0xf8,

    /* U+0054 "T" */
    0xff, 0xff, 0xff, 0xc1, 0xc0, 0xe, 0x0, 0x70,
    0x3, 0x80, 0x1c, 0x0, 0xe0, 0x7, 0x0, 0x38,
    0x1, 0xc0, 0xe, 0x0, 0x70, 0x3, 0x80, 0x1c,
    0x0, 0xe0,

    /* U+0055 "U" */
    0xe0, 0x1f, 0x80, 0x7e, 0x1, 0xf8, 0x7, 0xe0,
    0x1f, 0x80, 0x7e, 0x1, 0xf8, 0x7, 0xe0, 0x1f,
    0x80, 0x7e, 0x1, 0xf8, 0x7, 0x70, 0x39, 0xe1,
    0xe3, 0xff, 0x3, 0xf0,

    /* U+0056 "V" */
    0xe0, 0x7, 0x70, 0x7, 0x70, 0xe, 0x70, 0xe,
    0x38, 0x1c, 0x38, 0x1c, 0x1c, 0x18, 0x1c, 0x38,
    0x1e, 0x38, 0xe, 0x70, 0xe, 0x70, 0x7, 0xe0,
    0x7, 0xe0, 0x3, 0xe0, 0x3, 0xc0, 0x3, 0xc0,

    /* U+0057 "W" */
    0xe0, 0x38, 0x6, 0xe0, 0x38, 0xe, 0xe0, 0x3c,
    0xe, 0x70, 0x7c, 0xc, 0x70, 0x7c, 0x1c, 0x70,
    0x6e, 0x1c, 0x38, 0xee, 0x1c, 0x38, 0xe6, 0x38,
    0x38, 0xc7, 0x38, 0x1d, 0xc7, 0x38, 0x1d, 0xc3,
    0x70, 0x1d, 0x83, 0xf0, 0xf, 0x83, 0xf0, 0xf,
    0x81, 0xe0, 0xf, 0x1, 0xe0, 0x7, 0x1, 0xe0,

    /* U+0058 "X" */
    0x70, 0x1c, 0x70, 0x38, 0xe0, 0xe0, 0xe3, 0x80,
    0xef, 0x1, 0xfc, 0x1, 0xf0, 0x1, 0xc0, 0x7,
    0xc0, 0xf, 0xc0, 0x3b, 0x80, 0xf3, 0x81, 0xc7,
    0x87, 0x7, 0x1c, 0x7, 0x38, 0xf,

    /* U+0059 "Y" */
    0xe0, 0xe, 0xe0, 0x39, 0xc0, 0x71, 0xc1, 0xc1,
    0xc3, 0x3, 0x8e, 0x3, 0xb8, 0x7, 0x70, 0x7,
    0xc0, 0xf, 0x80, 0xe, 0x0, 0x1c, 0x0, 0x38,
    0x0, 0x70, 0x0, 0xe0, 0x1, 0xc0,

    /* U+005A "Z" */
    0xff, 0xff, 0xff, 0xc0, 0x1c, 0x1, 0xe0, 0x1e,
    0x0, 0xe0, 0xe, 0x0, 0xf0, 0xf, 0x0, 0x70,
    0x7, 0x0, 0x78, 0x7, 0x80, 0x38, 0x3, 0xff,
    0xff, 0xff,

    /* U+005B "[" */
    0xff, 0xfe, 0x38, 0xe3, 0x8e, 0x38, 0xe3, 0x8e,
    0x38, 0xe3, 0x8e, 0x38, 0xe3, 0x8e, 0x3f, 0xfc,

    /* U+005C "\\" */
    0xe0, 0x18, 0x6, 0x1, 0xc0, 0x30, 0xc, 0x3,
    0x80, 0x60, 0x1c, 0x7, 0x0, 0xc0, 0x38, 0xe,
    0x1, 0x80, 0x70, 0x1c, 0x3, 0x0, 0xe0, 0x18,
    0x6, 0x1, 0xc0,

    /* U+005D "]" */
    0xff, 0xf1, 0xc7, 0x1c, 0x71, 0xc7, 0x1c, 0x71,
    0xc7, 0x1c, 0x71, 0xc7, 0x1c, 0x71, 0xff, 0xfc,

    /* U+005E "^" */
    0xe, 0x1, 0xc0, 0x38, 0xd, 0x81, 0xb0, 0x63,
    0xc, 0x63, 0x8e, 0x60, 0xcc, 0x18,

    /* U+005F "_" */
    0xff, 0xff, 0xfc,

    /* U+0060 "`" */
    0x70, 0xe1, 0xc0,

    /* U+0061 "a" */
    0x3f, 0xf, 0xf9, 0x87, 0x0, 0x70, 0xe, 0x7f,
    0xdf, 0xff, 0x7, 0xe0, 0xfc, 0x3d, 0xff, 0x9f,
    0x70,

    /* U+0062 "b" */
    0xe0, 0x7, 0x0, 0x38, 0x1, 0xc0, 0xe, 0x0,
    0x77, 0xe3, 0xff, 0x9f, 0x1e, 0xf0, 0x7f, 0x1,
    0xf8, 0xf, 0xc0, 0x7e, 0x3, 0xf8, 0x3f, 0xe3,
    0xdf, 0xfc, 0xef, 0xc0,

    /* U+0063 "c" */
    0xf, 0x83, 0xfe, 0x78, 0xff, 0x4, 0xe0, 0xe,
    0x0, 0xe0, 0xe, 0x0, 0xf0, 0x47, 0x8f, 0x3f,
    0xe0, 0xf8,

    /* U+0064 "d" */
    0x0, 0x38, 0x1, 0xc0, 0xe, 0x0, 0x70, 0x3,
    0x8f, 0xdc, 0xff, 0xef, 0x1f, 0xf0, 0x7f, 0x1,
    0xf8, 0xf, 0xc0, 0x7e, 0x3, 0xf8, 0x3d, 0xe3,
    0xe7, 0xff, 0x1f, 0xb8,

    /* U+0065 "e" */
    0x1f, 0x83, 0xfc, 0x70, 0xee, 0x6, 0xe0, 0x7f,
    0xff, 0xff, 0xfe, 0x0, 0xe0, 0x7, 0x4, 0x3f,
    0xe0, 0xf8,

    /* U+0066 "f" */
    0xf, 0x8f, 0x8e, 0x7, 0x3, 0x87, 0xfb, 0xfc,
    0x70, 0x38, 0x1c, 0xe, 0x7, 0x3, 0x81, 0xc0,
    0xe0, 0x70, 0x38, 0x0,

    /* U+0067 "g" */
    0x1f, 0xb9, 0xff, 0xde, 0x3f, 0xe0, 0xfe, 0x3,
    0xf0, 0x1f, 0x80, 0xfe, 0xf, 0x78, 0xf9, 0xff,
    0xc7, 0xee, 0x0, 0x70, 0x3, 0xb8, 0x39, 0xff,
    0x83, 0xf8,

    /* U+0068 "h" */
    0xe0, 0xe, 0x0, 0xe0, 0xe, 0x0, 0xe0, 0xe,
    0xf8, 0xff, 0xef, 0xe, 0xe0, 0x7e, 0x7, 0xe0,
    0x7e, 0x7, 0xe0, 0x7e, 0x7, 0xe0, 0x7e, 0x7,
    0xe0, 0x70,

    /* U+0069 "i" */
    0x5f, 0xa0, 0x3f, 0xff, 0xff, 0xff, 0xfc,

    /* U+006A "j" */
    0x4, 0x1c, 0x38, 0x20, 0x0, 0x3, 0x87, 0xe,
    0x1c, 0x38, 0x70, 0xe1, 0xc3, 0x87, 0xe, 0x1c,
    0x38, 0x77, 0xcf, 0x0,

    /* U+006B "k" */
    0xe0, 0xe, 0x0, 0xe0, 0xe, 0x0, 0xe0, 0xe,
    0xf, 0xe1, 0xee, 0x3c, 0xe7, 0x8e, 0xf0, 0xfe,
    0xf, 0xf0, 0xf3, 0x8e, 0x3c, 0xe1, 0xee, 0xe,
    0xe0, 0x70,

    /* U+006C "l" */
    0xff, 0xff, 0xff, 0xff, 0xff, 0xff, 0xe0,

    /* U+006D "m" */
    0xef, 0x8f, 0x9f, 0xff, 0xfb, 0xc7, 0xc7, 0xf0,
    0x70, 0x7e, 0xe, 0xf, 0xc1, 0xc1, 0xf8, 0x38,
    0x3f, 0x7, 0x7, 0xe0, 0xe0, 0xfc, 0x1c, 0x1f,
    0x83, 0x83, 0xf0, 0x70, 0x70,

    /* U+006E "n" */
    0xef, 0x8f, 0xfe, 0xf0, 0xee, 0x7, 0xe0, 0x7e,
    0x7, 0xe0, 0x7e, 0x7, 0xe0, 0x7e, 0x7, 0xe0,
    0x7e, 0x7,

    /* U+006F "o" */
    0xf, 0x81, 0xff, 0x1e, 0x3d, 0xe0, 0xee, 0x3,
    0xf0, 0x1f, 0x80, 0xfc, 0x7, 0xf0, 0x73, 0xc7,
    0x8f, 0xf8, 0x1f, 0x0,

    /* U+0070 "p" */
    0xef, 0xc7, 0xff, 0x3e, 0x3d, 0xe0, 0xfe, 0x3,
    0xf0, 0x1f, 0x80, 0xfc, 0x7, 0xf0, 0x7f, 0xc7,
    0xbf, 0xf9, 0xdf, 0x8e, 0x0, 0x70, 0x3, 0x80,
    0x1c, 0x0,

    /* U+0071 "q" */
    0x1f, 0xb9, 0xff, 0xde, 0x3f, 0xe0, 0xfe, 0x3,
    0xf0, 0x1f, 0x80, 0xfc, 0x7, 0xf0, 0x7b, 0xc7,
    0xcf, 0xfe, 0x1f, 0x70, 0x3, 0x80, 0x1c, 0x0,
    0xe0, 0x7,

    /* U+0072 "r" */
    0xef, 0xff, 0xe7, 0x8e, 0x1c, 0x38, 0x70, 0xe1,
    0xc3, 0x87, 0x0,

    /* U+0073 "s" */
    0x3f, 0x9f, 0xee, 0xb, 0x80, 0xf0, 0x3f, 0xc3,
    0xf8, 0x1f, 0x1, 0xf0, 0x7f, 0xf9, 0xfc,

    /* U+0074 "t" */
    0x38, 0x1c, 0xe, 0x1f, 0xef, 0xf1, 0xc0, 0xe0,
    0x70, 0x38, 0x1c, 0xe, 0x7, 0x3, 0x80, 0xf8,
    0x3c,

    /* U+0075 "u" */
    0xe0, 0x7e, 0x7, 0xe0, 0x7e, 0x7, 0xe0, 0x7e,
    0x7, 0xe0, 0x7e, 0x7, 0xe0, 0xf7, 0xf, 0x7f,
    0xf1, 0xf7,

    /* U+0076 "v" */
    0xe0, 0x3b, 0x1, 0x9c, 0x1c, 0xe0, 0xc3, 0x8e,
    0x1c, 0x70, 0x67, 0x3, 0xb8, 0x1d, 0x80, 0x7c,
    0x3, 0xc0, 0xe, 0x0,

    /* U+0077 "w" */
    0xe0, 0x70, 0x76, 0xf, 0x7, 0x70, 0xf0, 0x67,
    0xf, 0x8e, 0x31, 0xf8, 0xe3, 0x99, 0x8c, 0x39,
    0x9d, 0xc1, 0xb8, 0xd8, 0x1f, 0xd, 0x81, 0xf0,
    0xf8, 0xf, 0x7, 0x0, 0xe0, 0x70,

    /* U+0078 "x" */
    0x70, 0x77, 0x8e, 0x39, 0xc1, 0xdc, 0xf, 0x80,
    0xf0, 0xf, 0x0, 0xf8, 0x1d, 0xc3, 0x9e, 0x70,
    0xe7, 0x7,

    /* U+0079 "y" */
    0xe0, 0x3b, 0x1, 0x9c, 0x1c, 0xe0, 0xc3, 0x8e,
    0x1c, 0x60, 0x77, 0x3, 0xb8, 0xd, 0x80, 0x7c,
    0x3, 0xc0, 0xe, 0x0, 0x60, 0x7, 0x3, 0xf0,
    0x1f, 0x0,

    /* U+007A "z" */
    0xff, 0xff, 0xf0, 0x38, 0x1e, 0xf, 0x3, 0x81,
    0xc0, 0xe0, 0x78, 0x1c, 0xf, 0xff, 0xff,

    /* U+007B "{" */
    0xe, 0x3c, 0xe1, 0xc3, 0x87, 0xe, 0x1c, 0x38,
    0x73, 0xc7, 0x83, 0x87, 0xe, 0x1c, 0x38, 0x70,
    0xe1, 0xf1, 0xe0,

    /* U+007C "|" */
    0xff, 0xff, 0xff, 0xff, 0xff, 0xff, 0xff, 0xfe,

    /* U+007D "}" */
    0xe1, 0xe0, 0xe1, 0xc3, 0x87, 0xe, 0x1c, 0x38,
    0x70, 0x78, 0xf3, 0x87, 0xe, 0x1c, 0x38, 0x70,
    0xe7, 0xcf, 0x0,

    /* U+007E "~" */
    0x78, 0x6f, 0x8f, 0x1f, 0x61, 0xe0,

    /* U+0400 "Ѐ" */
    0x38, 0x1, 0xc0, 0x6, 0x0, 0x0, 0xff, 0xef,
    0xfe, 0xe0, 0xe, 0x0, 0xe0, 0xe, 0x0, 0xe0,
    0xf, 0xfe, 0xff, 0xee, 0x0, 0xe0, 0xe, 0x0,
    0xe0, 0xe, 0x0, 0xff, 0xff, 0xff,

    /* U+0401 "Ё" */
    0x3b, 0x83, 0xb8, 0x0, 0xf, 0xfe, 0xff, 0xee,
    0x0, 0xe0, 0xe, 0x0, 0xe0, 0xe, 0x0, 0xff,
    0xef, 0xfe, 0xe0, 0xe, 0x0, 0xe0, 0xe, 0x0,
    0xe0, 0xf, 0xff, 0xff, 0xf0,

    /* U+0402 "Ђ" */
    0xff, 0xfc, 0x3f, 0xff, 0x0, 0x70, 0x0, 0x1c,
    0x0, 0x7, 0x0, 0x1, 0xc0, 0x0, 0x7f, 0xe0,
    0x1f, 0xfe, 0x7, 0x83, 0x81, 0xc0, 0x70, 0x70,
    0x1c, 0x1c, 0x7, 0x7, 0x1, 0xc1, 0xc0, 0xe0,
    0x71, 0xf8, 0x1c, 0x78,

    /* U+0403 "Ѓ" */
    0x3, 0x80, 0xe0, 0x30, 0x0, 0xf, 0xff, 0xff,
    0xf8, 0x7, 0x0, 0xe0, 0x1c, 0x3, 0x80, 0x70,
    0xe, 0x1, 0xc0, 0x38, 0x7, 0x0, 0xe0, 0x1c,
    0x3, 0x80, 0x70, 0x0,

    /* U+0404 "Є" */
    0x7, 0xe0, 0x7f, 0xe3, 0xc3, 0xde, 0x2, 0x70,
    0x3, 0x80, 0xe, 0x0, 0x3f, 0xf0, 0xff, 0xc3,
    0x80, 0xe, 0x0, 0x1c, 0x0, 0x78, 0x8, 0xf0,
    0xf1, 0xff, 0x81, 0xf8,

    /* U+0405 "Ѕ" */
    0x1f, 0xc7, 0xfe, 0x70, 0x6e, 0x0, 0xe0, 0xf,
    0x0, 0xfc, 0x7, 0xfc, 0x3f, 0xe0, 0x7f, 0x0,
    0xf0, 0x7, 0x0, 0x7e, 0xe, 0xff, 0xe3, 0xf8,

    /* U+0406 "І" */
    0xff, 0xff, 0xff, 0xff, 0xff, 0xff,

    /* U+0407 "Ї" */
    0xef, 0xdc, 0x1, 0xc3, 0x87, 0xe, 0x1c, 0x38,
    0x70, 0xe1, 0xc3, 0x87, 0xe, 0x1c, 0x38, 0x70,
    0xe0,

    /* U+0408 "Ј" */
    0x7f, 0xdf, 0xf0, 0x1c, 0x7, 0x1, 0xc0, 0x70,
    0x1c, 0x7, 0x1, 0xc0, 0x70, 0x1c, 0x7, 0x41,
    0xf8, 0xef, 0xf8, 0xf8,

    /* U+0409 "Љ" */
    0xf, 0xff, 0x0, 0x3, 0xff, 0xc0, 0x0, 0xe0,
    0x70, 0x0, 0x38, 0x1c, 0x0, 0xe, 0x7, 0x0,
    0x3, 0x81, 0xc0, 0x0, 0xe0, 0x7f, 0xe0, 0x38,
    0x1f, 0xfe, 0xe, 0x7, 0x3, 0xc3, 0x81, 0xc0,
    0x70, 0xe0, 0x70, 0x1c, 0x38, 0x1c, 0x7, 0x1c,
    0x7, 0x1, 0xc7, 0x1, 0xc0, 0xe7, 0x80, 0x7f,
    0xf9, 0xc0, 0x1f, 0xf8,

    /* U+040A "Њ" */
    0xe0, 0x38, 0x1, 0xc0, 0x70, 0x3, 0x80, 0xe0,
    0x7, 0x1, 0xc0, 0xe, 0x3, 0x80, 0x1c, 0x7,
    0x0, 0x38, 0xe, 0x0, 0x7f, 0xff, 0xf8, 0xff,
    0xff, 0xfd, 0xc0, 0x70, 0x3f, 0x80, 0xe0, 0x3f,
    0x1, 0xc0, 0x7e, 0x3, 0x80, 0xfc, 0x7, 0x3,
    0xf8, 0xf, 0xff, 0x70, 0x1f, 0xf8,

    /* U+040B "Ћ" */
    0xff, 0xf8, 0x3f, 0xfe, 0x0, 0x70, 0x0, 0x1c,
    0x0, 0x7, 0x0, 0x1, 0xc0, 0x0, 0x70, 0x0,
    0x1f, 0xf8, 0x7, 0xff, 0x81, 0xe0, 0xe0, 0x70,
    0x1c, 0x1c, 0x7, 0x7, 0x1, 0xc1, 0xc0, 0x70,
    0x70, 0x1c, 0x1c, 0x7,

    /* U+040C "Ќ" */
    0x1, 0xc0, 0xe, 0x0, 0x60, 0x0, 0x0, 0xe0,
    0x3b, 0x81, 0xce, 0x7, 0x38, 0x38, 0xe0, 0xc3,
    0x87, 0xe, 0x38, 0x3f, 0xc0, 0xff, 0x83, 0x8e,
    0xe, 0x1c, 0x38, 0x78, 0xe0, 0xe3, 0x81, 0xce,
    0x7, 0xb8, 0xe,

    /* U+040D "Ѝ" */
    0x1c, 0x0, 0x18, 0x0, 0x30, 0x0, 0x0, 0xe0,
    0x1f, 0x80, 0xfe, 0x7, 0xf8, 0x1f, 0xe0, 0xff,
    0x87, 0x7e, 0x3d, 0xf8, 0xe7, 0xe7, 0x1f, 0xbc,
    0x7e, 0xe1, 0xff, 0x7, 0xf8, 0x1f, 0xe0, 0x7f,
    0x1, 0xf8, 0x7,

    /* U+040E "Ў" */
    0x18, 0x60, 0x3f, 0xc0, 0x3f, 0x0, 0x0, 0xe,
    0x0, 0xdc, 0x3, 0x9c, 0x6, 0x38, 0x1c, 0x38,
    0x30, 0x70, 0xe0, 0x71, 0x80, 0xe7, 0x0, 0xec,
    0x1, 0xf8, 0x1, 0xe0, 0x3, 0xc0, 0x7, 0x0,
    0xc, 0x1, 0xf8, 0x3, 0xc0, 0x0,

    /* U+040F "Џ" */
    0xe0, 0x3f, 0x1, 0xf8, 0xf, 0xc0, 0x7e, 0x3,
    0xf0, 0x1f, 0x80, 0xfc, 0x7, 0xe0, 0x3f, 0x1,
    0xf8, 0xf, 0xc0, 0x7e, 0x3, 0xf0, 0x1f, 0xff,
    0xff, 0xff, 0x7, 0x0, 0x38, 0x1, 0xc0, 0xe,
    0x0,

    /* U+0410 "А" */
    0x1, 0xc0, 0x1, 0xf0, 0x0, 0xf8, 0x0, 0x6c,
    0x0, 0x77, 0x0, 0x31, 0x80, 0x38, 0xe0, 0x1c,
    0x70, 0x1c, 0x1c, 0xe, 0xe, 0x7, 0xff, 0x87,
    0xff, 0xc3, 0x0, 0x63, 0x80, 0x39, 0xc0, 0x1d,
    0xc0, 0x7,

    /* U+0411 "Б" */
    0xff, 0xf7, 0xff, 0xb8, 0x1, 0xc0, 0xe, 0x0,
    0x70, 0x3, 0x80, 0x1f, 0xf8, 0xff, 0xf7, 0x3,
    0xf8, 0xf, 0xc0, 0x7e, 0x3, 0xf0, 0x3f, 0xff,
    0xdf, 0xf8,

    /* U+0412 "В" */
    0xff, 0xc7, 0xff, 0x38, 0x3d, 0xc0, 0xee, 0x7,
    0x70, 0x3b, 0x83, 0x9f, 0xf8, 0xff, 0xe7, 0x3,
    0xb8, 0xf, 0xc0, 0x7e, 0x3, 0xf0, 0x3f, 0xff,
    0xdf, 0xf8,

    /* U+0413 "Г" */
    0xff, 0xff, 0xff, 0x80, 0x70, 0xe, 0x1, 0xc0,
    0x38, 0x7, 0x0, 0xe0, 0x1c, 0x3, 0x80, 0x70,
    0xe, 0x1, 0xc0, 0x38, 0x7, 0x0,

    /* U+0414 "Д" */
    0x1f, 0xfe, 0xf, 0xff, 0x7, 0x3, 0x83, 0x81,
    0xc1, 0xc0, 0xe0, 0xe0, 0x70, 0x70, 0x38, 0x38,
    0x1c, 0x1c, 0xe, 0xe, 0x7, 0x7, 0x3, 0x87,
    0x1, 0xc3, 0x80, 0xe1, 0x80, 0x73, 0xff, 0xff,
    0xff, 0xff, 0xe0, 0x3, 0xf0, 0x1, 0xf8, 0x0,
    0xfc, 0x0, 0x70,

    /* U+0415 "Е" */
    0xff, 0xef, 0xfe, 0xe0, 0xe, 0x0, 0xe0, 0xe,
    0x0, 0xe0, 0xf, 0xfe, 0xff, 0xee, 0x0, 0xe0,
    0xe, 0x0, 0xe0, 0xe, 0x0, 0xff, 0xff, 0xff,

    /* U+0416 "Ж" */
    0x70, 0x38, 0x1c, 0xe0, 0x70, 0x38, 0xe0, 0xe0,
    0xe0, 0xc1, 0xc1, 0x81, 0xc3, 0x87, 0x1, 0xc7,
    0x1c, 0x3, 0x8e, 0x38, 0x3, 0xff, 0xe0, 0x7,
    0xff, 0xc0, 0x1c, 0x71, 0xc0, 0x78, 0xe3, 0xc0,
    0xe1, 0xc3, 0x83, 0x83, 0x83, 0x87, 0x7, 0x7,
    0x1c, 0xe, 0x7, 0x78, 0x1c, 0xf,

    /* U+0417 "З" */
    0x3f, 0x83, 0xff, 0x18, 0x38, 0x0, 0xe0, 0x7,
    0x0, 0x38, 0x3, 0x83, 0xfc, 0x1f, 0xe0, 0x3,
    0x80, 0xe, 0x0, 0x70, 0x3, 0xb0, 0x7b, 0xff,
    0x83, 0xf0,

    /* U+0418 "И" */
    0xe0, 0x1f, 0x80, 0xfe, 0x7, 0xf8, 0x1f, 0xe0,
    0xff, 0x87, 0x7e, 0x3d, 0xf8, 0xe7, 0xe7, 0x1f,
    0xbc, 0x7e, 0xe1, 0xff, 0x7, 0xf8, 0x1f, 0xe0,
    0x7f, 0x1, 0xf8, 0x7,

    /* U+0419 "Й" */
    0x18, 0x60, 0x73, 0x80, 0xfc, 0x1, 0xe0, 0xe0,
    0x1f, 0x80, 0xfe, 0x7, 0xf8, 0x1f, 0xe0, 0xff,
    0x87, 0x7e, 0x3d, 0xf8, 0xe7, 0xe7, 0x1f, 0xbc,
    0x7e, 0xe1, 0xff, 0x7, 0xf8, 0x1f, 0xe0, 0x7f,
    0x1, 0xf8, 0x7,

    /* U+041A "К" */
    0xe0, 0x3b, 0x81, 0xce, 0x7, 0x38, 0x38, 0xe0,
    0xc3, 0x87, 0xe, 0x38, 0x3f, 0xc0, 0xff, 0x83,
    0x8e, 0xe, 0x1c, 0x38, 0x78, 0xe0, 0xe3, 0x81,
    0xce, 0x7, 0xb8, 0xe,

    /* U+041B "Л" */
    0xf, 0xff, 0xf, 0xff, 0xe, 0x7, 0xe, 0x7,
    0xe, 0x7, 0xe, 0x7, 0xe, 0x7, 0xe, 0x7,
    0xe, 0x7, 0xe, 0x7, 0xe, 0x7, 0xe, 0x7,
    0x1c, 0x7, 0x1c, 0x7, 0x78, 0x7, 0x70, 0x7,

    /* U+041C "М" */
    0xe0, 0x3, 0xf0, 0x1, 0xfc, 0x1, 0xff, 0x1,
    0xff, 0x80, 0xff, 0xe0, 0xff, 0xb0, 0x6f, 0xdc,
    0x77, 0xe6, 0x33, 0xf3, 0xb9, 0xf8, 0xf8, 0xfc,
    0x7c, 0x7e, 0x1c, 0x3f, 0x4, 0x1f, 0x80, 0xf,
    0xc0, 0x7,

    /* U+041D "Н" */
    0xe0, 0x1f, 0x80, 0x7e, 0x1, 0xf8, 0x7, 0xe0,
    0x1f, 0x80, 0x7e, 0x1, 0xff, 0xff, 0xff, 0xff,
    0x80, 0x7e, 0x1, 0xf8, 0x7, 0xe0, 0x1f, 0x80,
    0x7e, 0x1, 0xf8, 0x7,

    /* U+041E "О" */
    0x7, 0xf0, 0xf, 0xfe, 0xf, 0x7, 0x8f, 0x1,
    0xe7, 0x0, 0x77, 0x0, 0x1f, 0x80, 0xf, 0xc0,
    0x7, 0xe0, 0x3, 0xf0, 0x1, 0xf8, 0x0, 0xee,
    0x0, 0xe7, 0x80, 0xf1, 0xe0, 0xf0, 0x7f, 0xf0,
    0xf, 0xe0,

    /* U+041F "П" */
    0xff, 0xff, 0xff, 0xfe, 0x1, 0xf8, 0x7, 0xe0,
    0x1f, 0x80, 0x7e, 0x1, 0xf8, 0x7, 0xe0, 0x1f,
    0x80, 0x7e, 0x1, 0xf8, 0x7, 0xe0, 0x1f, 0x80,
    0x7e, 0x1, 0xf8, 0x7,

    /* U+0420 "Р" */
    0xff, 0xc7, 0xff, 0x38, 0x3d, 0xc0, 0xfe, 0x3,
    0xf0, 0x1f, 0x80, 0xfc, 0xf, 0xe0, 0x77, 0xff,
    0x3f, 0xe1, 0xc0, 0xe, 0x0, 0x70, 0x3, 0x80,
    0x1c, 0x0,

    /* U+0421 "С" */
    0x7, 0xf0, 0x7f, 0xf3, 0xc1, 0xde, 0x2, 0x70,
    0x3, 0x80, 0xe, 0x0, 0x38, 0x0, 0xe0, 0x3,
    0x80, 0xe, 0x0, 0x1c, 0x0, 0x78, 0x8, 0xf0,
    0x71, 0xff, 0xc1, 0xfc,

    /* U+0422 "Т" */
    0xff, 0xff, 0xff, 0xc1, 0xc0, 0xe, 0x0, 0x70,
    0x3, 0x80, 0x1c, 0x0, 0xe0, 0x7, 0x0, 0x38,
    0x1, 0xc0, 0xe, 0x0, 0x70, 0x3, 0x80, 0x1c,
    0x0, 0xe0,

    /* U+0423 "У" */
    0x70, 0xe, 0xe0, 0x1c, 0xe0, 0x71, 0xc0, 0xe1,
    0x83, 0x83, 0x86, 0x3, 0x1c, 0x7, 0x30, 0x6,
    0xe0, 0xf, 0x80, 0xf, 0x0, 0x1c, 0x0, 0x38,
    0x0, 0xe0, 0xf, 0x80, 0x1e, 0x0,

    /* U+0424 "Ф" */
    0x0, 0xe0, 0x0, 0x1c, 0x0, 0x3f, 0xf8, 0x1f,
    0xff, 0xc7, 0x8e, 0x3c, 0xe1, 0xc3, 0xb8, 0x38,
    0x3f, 0x7, 0x7, 0xe0, 0xe0, 0xfc, 0x1c, 0x1f,
    0x83, 0x87, 0xb8, 0x70, 0xe7, 0xce, 0x7c, 0x7f,
    0xff, 0x3, 0xff, 0x80, 0x7, 0x0, 0x0, 0xe0,
    0x0,

    /* U+0425 "Х" */
    0x70, 0x1c, 0x70, 0x78, 0xf1, 0xe0, 0xe3, 0x80,
    0xef, 0x1, 0xfc, 0x1, 0xf0, 0x1, 0xe0, 0x7,
    0xc0, 0xf, 0xc0, 0x3b, 0x80, 0xf7, 0x81, 0xc7,
    0x87, 0x7, 0x1e, 0x7, 0x38, 0xf,

    /* U+0426 "Ц" */
    0xe0, 0x38, 0xe0, 0x38, 0xe0, 0x38, 0xe0, 0x38,
    0xe0, 0x38, 0xe0, 0x38, 0xe0, 0x38, 0xe0, 0x38,
    0xe0, 0x38, 0xe0, 0x38, 0xe0, 0x38, 0xe0, 0x38,
    0xe0, 0x38, 0xe0, 0x38, 0xff, 0xff, 0xff, 0xff,
    0x0, 0x7, 0x0, 0x7, 0x0, 0x7, 0x0, 0x7,

    /* U+0427 "Ч" */
    0xe0, 0x3f, 0x1, 0xf8, 0xf, 0xc0, 0x7e, 0x3,
    0xf0, 0x1f, 0x80, 0xfc, 0x7, 0x70, 0x79, 0xff,
    0xc7, 0xfe, 0x0, 0x70, 0x3, 0x80, 0x1c, 0x0,
    0xe0, 0x7,

    /* U+0428 "Ш" */
    0xe0, 0xe0, 0xfc, 0x1c, 0x1f, 0x83, 0x83, 0xf0,
    0x70, 0x7e, 0xe, 0xf, 0xc1, 0xc1, 0xf8, 0x38,
    0x3f, 0x7, 0x7, 0xe0, 0xe0, 0xfc, 0x1c, 0x1f,
    0x83, 0x83, 0xf0, 0x70, 0x7e, 0xe, 0xf, 0xc1,
    0xc1, 0xff, 0xff, 0xff, 0xff, 0xff,

    /* U+0429 "Щ" */
    0xe0, 0xe0, 0x73, 0x83, 0x81, 0xce, 0xe, 0x7,
    0x38, 0x38, 0x1c, 0xe0, 0xe0, 0x73, 0x83, 0x81,
    0xce, 0xe, 0x7, 0x38, 0x38, 0x1c, 0xe0, 0xe0,
    0x73, 0x83, 0x81, 0xce, 0xe, 0x7, 0x38, 0x38,
    0x1c, 0xe0, 0xe0, 0x73, 0x83, 0x81, 0xcf, 0xff,
    0xff, 0xff, 0xff, 0xff, 0x0, 0x0, 0x1c, 0x0,
    0x0, 0x70, 0x0, 0x1, 0xc0, 0x0, 0x7,

    /* U+042A "Ъ" */
    0xff, 0x0, 0x3f, 0xc0, 0x0, 0x70, 0x0, 0x1c,
    0x0, 0x7, 0x0, 0x1, 0xc0, 0x0, 0x7f, 0xe0,
    0x1f, 0xfe, 0x7, 0x3, 0xc1, 0xc0, 0x70, 0x70,
    0x1c, 0x1c, 0x7, 0x7, 0x1, 0xc1, 0xc0, 0xe0,
    0x7f, 0xf8, 0x1f, 0xf8,

    /* U+042B "Ы" */
    0xe0, 0x1, 0xf8, 0x0, 0x7e, 0x0, 0x1f, 0x80,
    0x7, 0xe0, 0x1, 0xf8, 0x0, 0x7f, 0xfc, 0x1f,
    0xff, 0xc7, 0xe0, 0x79, 0xf8, 0xe, 0x7e, 0x3,
    0x9f, 0x80, 0xe7, 0xe0, 0x39, 0xf8, 0x1c, 0x7f,
    0xff, 0x1f, 0xff, 0x7,

    /* U+042C "Ь" */
    0xe0, 0x7, 0x0, 0x38, 0x1, 0xc0, 0xe, 0x0,
    0x70, 0x3, 0xff, 0x1f, 0xfe, 0xe0, 0x7f, 0x1,
    0xf8, 0xf, 0xc0, 0x7e, 0x3, 0xf0, 0x3b, 0xff,
    0xdf, 0xf8,

    /* U+042D "Э" */
    0x1f, 0x81, 0xff, 0x8f, 0xf, 0x10, 0x1e, 0x0,
    0x38, 0x0, 0x70, 0x1, 0xc3, 0xff, 0xf, 0xfc,
    0x0, 0x70, 0x1, 0xc0, 0xe, 0x40, 0x7b, 0xc3,
    0xcf, 0xfe, 0x7, 0xe0,

    /* U+042E "Ю" */
    0xe0, 0x3f, 0x7, 0x3, 0xfe, 0x38, 0x78, 0x79,
    0xc3, 0x81, 0xee, 0x38, 0x7, 0x71, 0xc0, 0x1f,
    0x9c, 0x0, 0xff, 0xe0, 0x7, 0xff, 0x0, 0x3f,
    0x38, 0x1, 0xf8, 0xe0, 0xf, 0xc7, 0x0, 0xee,
    0x1c, 0xf, 0x70, 0xf0, 0xf3, 0x83, 0xff, 0x1c,
    0x7, 0xe0,

    /* U+042F "Я" */
    0xf, 0xf9, 0xff, 0xdc, 0xf, 0xc0, 0x7e, 0x3,
    0xf0, 0x1f, 0x80, 0xfc, 0x7, 0x70, 0x39, 0xff,
    0xc7, 0xfe, 0x38, 0x73, 0x83, 0x9c, 0x1d, 0xc0,
    0xfc, 0x7,

    /* U+0430 "а" */
    0x3f, 0xf, 0xf9, 0x87, 0x0, 0x70, 0xe, 0x7f,
    0xdf, 0xff, 0x7, 0xe0, 0xfc, 0x3d, 0xff, 0x9f,
    0x70,

    /* U+0431 "б" */
    0x0, 0x70, 0x3f, 0x87, 0xfc, 0x7c, 0x7, 0x0,
    0x30, 0x3, 0xbf, 0x1f, 0xfc, 0xf8, 0xf7, 0x83,
    0xf8, 0xf, 0xc0, 0x7e, 0x3, 0xb8, 0x3d, 0xe3,
    0xc7, 0xfc, 0xf, 0x80,

    /* U+0432 "в" */
    0xff, 0x1f, 0xfb, 0x87, 0x70, 0xee, 0x1d, 0xff,
    0x3f, 0xf7, 0x7, 0xe0, 0xfc, 0x1f, 0xff, 0x7f,
    0xc0,

    /* U+0433 "г" */
    0xff, 0xff, 0xf8, 0x1c, 0xe, 0x7, 0x3, 0x81,
    0xc0, 0xe0, 0x70, 0x38, 0x1c, 0x0,

    /* U+0434 "д" */
    0x1f, 0xf8, 0x7f, 0xe1, 0x83, 0x86, 0xe, 0x18,
    0x38, 0x60, 0xe1, 0x83, 0x86, 0xe, 0x38, 0x38,
    0xc0, 0xef, 0xff, 0xff, 0xff, 0xe0, 0x1f, 0x80,
    0x7e, 0x1, 0xc0,

    /* U+0435 "е" */
    0x1f, 0x83, 0xfc, 0x70, 0xee, 0x6, 0xe0, 0x7f,
    0xff, 0xff, 0xfe, 0x0, 0xe0, 0x7, 0x4, 0x3f,
    0xe0, 0xf8,

    /* U+0436 "ж" */
    0xe0, 0xe0, 0xee, 0x1c, 0x38, 0xe3, 0x8e, 0x1c,
    0x71, 0xc1, 0xce, 0x70, 0x1f, 0xfc, 0x7, 0xff,
    0xc0, 0xe7, 0x38, 0x38, 0xe3, 0x8f, 0x1c, 0x79,
    0xc3, 0x87, 0x70, 0x70, 0x70,

    /* U+0437 "з" */
    0x3f, 0x8f, 0xf9, 0x87, 0x80, 0x70, 0x1e, 0x3f,
    0x87, 0xf0, 0x7, 0x0, 0xe8, 0x3f, 0xff, 0x1f,
    0x80,

    /* U+0438 "и" */
    0xe0, 0x7e, 0xf, 0xe1, 0xfe, 0x3f, 0xe3, 0xfe,
    0x77, 0xee, 0x7f, 0xc7, 0xfc, 0x7f, 0x87, 0xf0,
    0x7e, 0x7,

    /* U+0439 "й" */
    0x31, 0x83, 0x18, 0x3f, 0x81, 0xf0, 0x0, 0xe,
    0x7, 0xe0, 0xfe, 0x1f, 0xe3, 0xfe, 0x3f, 0xe7,
    0x7e, 0xe7, 0xfc, 0x7f, 0xc7, 0xf8, 0x7f, 0x7,
    0xe0, 0x70,

    /* U+043A "к" */
    0xe0, 0xee, 0xe, 0xe1, 0xce, 0x38, 0xe3, 0xf,
    0xf0, 0xff, 0xe, 0x78, 0xe3, 0x8e, 0x1c, 0xe0,
    0xee, 0xf,

    /* U+043B "л" */
    0x1f, 0xf8, 0xff, 0xc7, 0xe, 0x38, 0x71, 0xc3,
    0x8e, 0x1c, 0x70, 0xe3, 0x87, 0x1c, 0x39, 0xc1,
    0xfe, 0xf, 0xe0, 0x70,

    /* U+043C "м" */
    0xf0, 0x1f, 0xc0, 0xff, 0x83, 0xfe, 0x1f, 0xfc,
    0x7f, 0xb3, 0x7e, 0xed, 0xf9, 0xe7, 0xe7, 0x9f,
    0x8c, 0x7e, 0x31, 0xf8, 0x7,

    /* U+043D "н" */
    0xe0, 0x7e, 0x7, 0xe0, 0x7e, 0x7, 0xe0, 0x7f,
    0xff, 0xff, 0xfe, 0x7, 0xe0, 0x7e, 0x7, 0xe0,
    0x7e, 0x7,

    /* U+043E "о" */
    0xf, 0x81, 0xff, 0x1e, 0x3d, 0xe0, 0xee, 0x3,
    0xf0, 0x1f, 0x80, 0xfc, 0x7, 0xf0, 0x73, 0xc7,
    0x8f, 0xf8, 0x1f, 0x0,

    /* U+043F "п" */
    0xff, 0xff, 0xff, 0x83, 0xf0, 0x7e, 0xf, 0xc1,
    0xf8, 0x3f, 0x7, 0xe0, 0xfc, 0x1f, 0x83, 0xf0,
    0x70,

    /* U+0440 "р" */
    0xef, 0xc7, 0xff, 0x3e, 0x3d, 0xe0, 0xfe, 0x3,
    0xf0, 0x1f, 0x80, 0xfc, 0x7, 0xf0, 0x7f, 0xc7,
    0xbf, 0xf9, 0xdf, 0x8e, 0x0, 0x70, 0x3, 0x80,
    0x1c, 0x0,

    /* U+0441 "с" */
    0xf, 0x83, 0xfe, 0x78, 0xff, 0x4, 0xe0, 0xe,
    0x0, 0xe0, 0xe, 0x0, 0xf0, 0x47, 0x8f, 0x3f,
    0xe0, 0xf8,

    /* U+0442 "т" */
    0xff, 0xff, 0xfc, 0x38, 0x7, 0x0, 0xe0, 0x1c,
    0x3, 0x80, 0x70, 0xe, 0x1, 0xc0, 0x38, 0x7,
    0x0,

    /* U+0443 "у" */
    0xe0, 0x3b, 0x81, 0x9c, 0x1c, 0x60, 0xc3, 0x8e,
    0x1c, 0x70, 0x73, 0x3, 0xb8, 0xd, 0x80, 0x7c,
    0x1, 0xc0, 0xe, 0x0, 0x60, 0x7, 0x3, 0xf0,
    0xf, 0x0,

    /* U+0444 "ф" */
    0x1, 0xc0, 0x0, 0xe0, 0x0, 0x70, 0x0, 0x38,
    0x0, 0x1c, 0x0, 0x7f, 0xc0, 0xff, 0xf8, 0xfb,
    0xbe, 0xf1, 0xc7, 0xf0, 0xe1, 0xf8, 0x70, 0xfc,
    0x38, 0x7e, 0x1c, 0x3f, 0x8e, 0x3d, 0xf7, 0x7c,
    0x7f, 0xfc, 0xf, 0xf8, 0x0, 0xe0, 0x0, 0x70,
    0x0, 0x38, 0x0, 0x1c, 0x0,

    /* U+0445 "х" */
    0x70, 0x77, 0xe, 0x39, 0xc1, 0xd8, 0xf, 0x80,
    0xf0, 0xf, 0x1, 0xf8, 0x1d, 0xc3, 0x9c, 0x70,
    0xef, 0x7,

    /* U+0446 "ц" */
    0xe0, 0xe7, 0x7, 0x38, 0x39, 0xc1, 0xce, 0xe,
    0x70, 0x73, 0x83, 0x9c, 0x1c, 0xe0, 0xe7, 0x7,
    0x3f, 0xff, 0xff, 0xf0, 0x3, 0x80, 0x1c, 0x0,
    0xe0,

    /* U+0447 "ч" */
    0xe0, 0xfc, 0x1f, 0x83, 0xf0, 0x7e, 0xf, 0xe1,
    0xdf, 0xf9, 0xf7, 0x0, 0xe0, 0x1c, 0x3, 0x80,
    0x70,

    /* U+0448 "ш" */
    0xe1, 0xc3, 0xf0, 0xe1, 0xf8, 0x70, 0xfc, 0x38,
    0x7e, 0x1c, 0x3f, 0xe, 0x1f, 0x87, 0xf, 0xc3,
    0x87, 0xe1, 0xc3, 0xf0, 0xe1, 0xff, 0xff, 0xff,
    0xff, 0xf0,

    /* U+0449 "щ" */
    0xe1, 0xc3, 0x9c, 0x38, 0x73, 0x87, 0xe, 0x70,
    0xe1, 0xce, 0x1c, 0x39, 0xc3, 0x87, 0x38, 0x70,
    0xe7, 0xe, 0x1c, 0xe1, 0xc3, 0x9c, 0x38, 0x73,
    0xff, 0xff, 0xff, 0xff, 0xf0, 0x0, 0xe, 0x0,
    0x1, 0xc0, 0x0, 0x38,

    /* U+044A "ъ" */
    0xfe, 0x3, 0xf8, 0x0, 0xe0, 0x3, 0x80, 0xf,
    0xf0, 0x3f, 0xe0, 0xe1, 0xc3, 0x87, 0xe, 0x1c,
    0x38, 0xf0, 0xff, 0x83, 0xfc,

    /* U+044B "ы" */
    0xe0, 0xf, 0xc0, 0x1f, 0x80, 0x3f, 0x0, 0x7f,
    0xf0, 0xff, 0xf1, 0xf8, 0xf3, 0xf0, 0xe7, 0xe1,
    0xcf, 0xc7, 0x9f, 0xfe, 0x3f, 0xf8, 0x70,

    /* U+044C "ь" */
    0xe0, 0x1c, 0x3, 0x80, 0x70, 0xf, 0xf9, 0xff,
    0xb8, 0x7f, 0x7, 0xe0, 0xfc, 0x3f, 0xff, 0x7f,
    0xc0,

    /* U+044D "э" */
    0x1f, 0x7, 0xfc, 0x61, 0xe0, 0x6, 0x0, 0x70,
    0xff, 0xf, 0xf0, 0x7, 0x0, 0x66, 0xe, 0x7f,
    0xc1, 0xf0,

    /* U+044E "ю" */
    0xe0, 0xf8, 0x70, 0xff, 0x38, 0xe3, 0xdc, 0xe0,
    0xfe, 0x70, 0x3f, 0xf0, 0x1f, 0xf8, 0xf, 0xce,
    0x7, 0xe7, 0x7, 0xf1, 0xc7, 0xb8, 0x7f, 0x9c,
    0x1f, 0x80,

    /* U+044F "я" */
    0x1f, 0xef, 0xff, 0xc3, 0xf0, 0x7e, 0xf, 0xe1,
    0xdf, 0xf9, 0xff, 0x38, 0xe6, 0x1d, 0xc3, 0xf0,
    0x70,

    /* U+0450 "ѐ" */
    0x38, 0x1, 0xc0, 0xe, 0x0, 0x70, 0x0, 0x1,
    0xf8, 0x3f, 0xc7, 0xe, 0xe0, 0x6e, 0x7, 0xff,
    0xff, 0xff, 0xe0, 0xe, 0x0, 0x70, 0x43, 0xfe,
    0xf, 0x80,

    /* U+0451 "ё" */
    0x39, 0xc3, 0x9c, 0x0, 0x0, 0x0, 0x1f, 0x83,
    0xfc, 0x70, 0xee, 0x6, 0xc0, 0x3f, 0xff, 0xff,
    0xfc, 0x0, 0xe0, 0x7, 0x6, 0x3f, 0xe0, 0xfc,

    /* U+0452 "ђ" */
    0x38, 0x3, 0xff, 0xf, 0xfc, 0xe, 0x0, 0x38,
    0x0, 0xef, 0x83, 0xff, 0x8f, 0xf, 0x38, 0x1c,
    0xe0, 0x73, 0x81, 0xce, 0x7, 0x38, 0x1c, 0xe0,
    0x73, 0x81, 0xce, 0x7, 0x38, 0x1c, 0x0, 0x70,
    0x1, 0xc0, 0x7e, 0x1, 0xf0,

    /* U+0453 "ѓ" */
    0x3, 0x83, 0x83, 0x3, 0x0, 0x7, 0xff, 0xff,
    0xc0, 0xe0, 0x70, 0x38, 0x1c, 0xe, 0x7, 0x3,
    0x81, 0xc0, 0xe0, 0x0,

    /* U+0454 "є" */
    0xf, 0x83, 0xfe, 0x78, 0x66, 0x0, 0xe0, 0xf,
    0xf0, 0xff, 0xe, 0x0, 0xe0, 0x7, 0x6, 0x3f,
    0xe0, 0xf8,

    /* U+0455 "ѕ" */
    0x3f, 0x9f, 0xee, 0xb, 0x80, 0xf0, 0x3f, 0xc3,
    0xf8, 0x1f, 0x1, 0xf0, 0x7f, 0xf9, 0xfc,

    /* U+0456 "і" */
    0xff, 0x81, 0xff, 0xff, 0xff, 0xff, 0xe0,

    /* U+0457 "ї" */
    0xff, 0xf0, 0x0, 0x71, 0xc7, 0x1c, 0x71, 0xc7,
    0x1c, 0x71, 0xc7, 0x1c,

    /* U+0458 "ј" */
    0xe, 0x1c, 0x38, 0x0, 0x1, 0xc3, 0x87, 0xe,
    0x1c, 0x38, 0x70, 0xe1, 0xc3, 0x87, 0xe, 0x1c,
    0x3b, 0xe7, 0x80,

    /* U+0459 "љ" */
    0x1f, 0xf8, 0x0, 0xff, 0xc0, 0x7, 0xe, 0x0,
    0x38, 0x70, 0x1, 0xc3, 0xfe, 0xe, 0x1f, 0xf8,
    0x70, 0xe1, 0xe3, 0x87, 0x7, 0x1c, 0x38, 0x39,
    0xc1, 0xc3, 0xfe, 0xf, 0xfd, 0xe0, 0x7f, 0xc0,

    /* U+045A "њ" */
    0xe0, 0xe0, 0x1c, 0x1c, 0x3, 0x83, 0x80, 0x70,
    0x70, 0xe, 0xe, 0x1, 0xff, 0xff, 0x3f, 0xff,
    0xf7, 0x7, 0x7, 0xe0, 0xe0, 0xfc, 0x1c, 0x3f,
    0x83, 0xff, 0x70, 0x7f, 0xc0,

    /* U+045B "ћ" */
    0x1c, 0x3, 0xff, 0xf, 0xfc, 0x7, 0x0, 0x1d,
    0xf0, 0x7f, 0xe1, 0xe3, 0xc7, 0x7, 0x1c, 0x1c,
    0x70, 0x71, 0xc1, 0xc7, 0x7, 0x1c, 0x1c, 0x70,
    0x71, 0xc1, 0xc7, 0x7,

    /* U+045C "ќ" */
    0x1, 0xc0, 0x38, 0x6, 0x0, 0xc0, 0x0, 0xe,
    0xe, 0xe0, 0xee, 0x1c, 0xe3, 0x8e, 0x30, 0xff,
    0xf, 0xf0, 0xe7, 0x8e, 0x38, 0xe1, 0xce, 0xe,
    0xe0, 0xf0,

    /* U+045D "ѝ" */
    0x78, 0x1, 0xc0, 0xe, 0x0, 0x70, 0x0, 0xe,
    0x7, 0xe0, 0xfe, 0x1f, 0xe3, 0xfe, 0x3f, 0xe7,
    0x7e, 0xe7, 0xfc, 0x7f, 0xc7, 0xf8, 0x7f, 0x7,
    0xe0, 0x70,

    /* U+045E "ў" */
    0x18, 0xc0, 0xc6, 0x3, 0xe0, 0x1e, 0x0, 0x0,
    0x38, 0x1d, 0xc0, 0xc6, 0xe, 0x38, 0x71, 0xc3,
    0x7, 0x38, 0x39, 0x80, 0xdc, 0x7, 0xc0, 0x1e,
    0x0, 0xf0, 0x7, 0x0, 0x38, 0x11, 0x80, 0xfc,
    0x7, 0x80, 0x0,

    /* U+045F "џ" */
    0xe0, 0xfc, 0x1f, 0x83, 0xf0, 0x7e, 0xf, 0xc1,
    0xf8, 0x3f, 0x7, 0xe0, 0xfc, 0x1f, 0xff, 0xff,
    0xf0, 0xe0, 0x1c, 0x3, 0x80,

    /* U+0462 "Ѣ" */
    0xe, 0x0, 0x7, 0x0, 0x3, 0x80, 0x1f, 0xfc,
    0xf, 0xfe, 0x0, 0x70, 0x0, 0x38, 0x0, 0x1f,
    0xf8, 0xf, 0xff, 0x7, 0x3, 0x83, 0x80, 0xe1,
    0xc0, 0x70, 0xe0, 0x38, 0x70, 0x1c, 0x38, 0x1c,
    0x1f, 0xfe, 0xf, 0xfc, 0x0,

    /* U+0463 "ѣ" */
    0x1c, 0x0, 0xe0, 0x7, 0x0, 0x38, 0xf, 0xfc,
    0x7f, 0xe0, 0x70, 0x3, 0x80, 0x1c, 0x0, 0xff,
    0x7, 0xfc, 0x38, 0x71, 0xc3, 0x8e, 0x1c, 0x71,
    0xe3, 0xfe, 0x1f, 0xe0,

    /* U+046A "Ѫ" */
    0x3f, 0xff, 0xc3, 0xff, 0xfc, 0x18, 0x3, 0x81,
    0xc0, 0x70, 0xe, 0xf, 0x0, 0x70, 0xe0, 0x7,
    0x1c, 0x0, 0x3b, 0x80, 0xf, 0xfe, 0x1, 0xff,
    0xf0, 0x3c, 0xe3, 0x83, 0x8e, 0x1c, 0x70, 0xe1,
    0xc7, 0xe, 0xe, 0x70, 0xe0, 0xee, 0xe, 0x7,

    /* U+046B "ѫ" */
    0x3f, 0xfe, 0x1f, 0xff, 0x6, 0x3, 0x1, 0xc7,
    0x0, 0x77, 0x0, 0x7f, 0xc0, 0x7f, 0xf0, 0x73,
    0x9c, 0x31, 0xc6, 0x38, 0xe3, 0x9c, 0x71, 0xcc,
    0x38, 0x60,

    /* U+0472 "Ѳ" */
    0x7, 0xf0, 0xf, 0xfe, 0xf, 0x7, 0x8f, 0x1,
    0xe7, 0x0, 0x77, 0x0, 0x1f, 0x80, 0xf, 0xff,
    0xff, 0xff, 0xff, 0xf0, 0x1, 0xf8, 0x0, 0xee,
    0x0, 0xe7, 0x80, 0xf1, 0xe0, 0xf0, 0x7f, 0xf0,
    0xf, 0xe0,

    /* U+0473 "ѳ" */
    0xf, 0x81, 0xff, 0x1e, 0x3d, 0xc0, 0x6e, 0x3,
    0xff, 0xff, 0xff, 0xfc, 0x7, 0xe0, 0x33, 0xc7,
    0x8f, 0xf8, 0x1f, 0x0,

    /* U+0474 "Ѵ" */
    0xf0, 0x7, 0xb8, 0x7, 0xdc, 0x7, 0xe7, 0x3,
    0x83, 0x81, 0xc1, 0xc1, 0xc0, 0x70, 0xe0, 0x38,
    0xe0, 0xe, 0x70, 0x7, 0x38, 0x3, 0xb8, 0x0,
    0xfc, 0x0, 0x7e, 0x0, 0x1e, 0x0, 0xf, 0x0,
    0x7, 0x80,

    /* U+0475 "ѵ" */
    0xe0, 0x39, 0xc1, 0xe7, 0x7, 0x8c, 0x38, 0x38,
    0xe0, 0xe3, 0x81, 0xdc, 0x7, 0x70, 0xf, 0x80,
    0x3e, 0x0, 0x78, 0x1, 0xc0,

    /* U+048A "Ҋ" */
    0x18, 0x60, 0x1c, 0xe0, 0xf, 0xc0, 0x7, 0x80,
    0xe0, 0x1c, 0xe0, 0x3c, 0xe0, 0x7c, 0xe0, 0x7c,
    0xe0, 0xfc, 0xe1, 0xdc, 0xe3, 0xdc, 0xe3, 0x9c,
    0xe7, 0x1c, 0xee, 0x1c, 0xfe, 0x1c, 0xfc, 0x1c,
    0xf8, 0x1c, 0xf8, 0x1f, 0xf0, 0x1f, 0xe0, 0x1f,
    0x0, 0x6, 0x0, 0x6, 0x0, 0xe,

    /* U+048B "ҋ" */
    0x30, 0xc0, 0xe7, 0x1, 0xf8, 0x3, 0xc0, 0x0,
    0x3, 0x81, 0xce, 0xf, 0x38, 0x3c, 0xe1, 0xf3,
    0x8f, 0xce, 0x77, 0x3b, 0x9c, 0xec, 0x73, 0xf1,
    0xcf, 0x87, 0x3c, 0x1f, 0xe0, 0x78, 0x0, 0x60,
    0x1, 0x80, 0x6,

    /* U+048C "Ҍ" */
    0x38, 0x0, 0x70, 0x0, 0xe0, 0x7, 0xfe, 0xf,
    0xfc, 0x7, 0x0, 0xe, 0x0, 0x1f, 0xf8, 0x3f,
    0xfc, 0x70, 0x38, 0xe0, 0x39, 0xc0, 0x73, 0x80,
    0xe7, 0x1, 0xce, 0x7, 0x1f, 0xfe, 0x3f, 0xf0,

    /* U+048D "ҍ" */
    0x38, 0x7, 0xfc, 0x3f, 0xe0, 0x70, 0x3, 0xfe,
    0x1f, 0xf8, 0xe1, 0xe7, 0x7, 0x38, 0x39, 0xc3,
    0xcf, 0xfc, 0x7f, 0xc0,

    /* U+048E "Ҏ" */
    0xff, 0x87, 0xff, 0x38, 0x3d, 0xc0, 0xfe, 0x3,
    0xf0, 0x1f, 0x88, 0xfc, 0x67, 0xe3, 0xff, 0xf,
    0xbf, 0xf9, 0xff, 0xce, 0x3, 0x70, 0x1b, 0x80,
    0x1c, 0x0,

    /* U+048F "ҏ" */
    0xe7, 0xc7, 0xff, 0x3e, 0x3d, 0xe0, 0xfe, 0x3,
    0xf0, 0x1f, 0x80, 0xfc, 0x37, 0xf1, 0xff, 0xc7,
    0xbf, 0xf9, 0xcf, 0xee, 0x3, 0x70, 0x3, 0x80,
    0x1c, 0x0,

    /* U+0490 "Ґ" */
    0x0, 0xe0, 0x1c, 0x3, 0xff, 0xff, 0xff, 0xc0,
    0x38, 0x7, 0x0, 0xe0, 0x1c, 0x3, 0x80, 0x70,
    0xe, 0x1, 0xc0, 0x38, 0x7, 0x0, 0xe0, 0x1c,
    0x3, 0x80, 0x0,

    /* U+0491 "ґ" */
    0x3, 0x81, 0xc0, 0xff, 0xff, 0xff, 0x3, 0x81,
    0xc0, 0xe0, 0x70, 0x38, 0x1c, 0xe, 0x7, 0x3,
    0x80,

    /* U+0492 "Ғ" */
    0x3f, 0xf9, 0xff, 0xce, 0x0, 0x70, 0x3, 0x80,
    0x1c, 0x0, 0xe0, 0x7, 0x0, 0xff, 0xe7, 0xff,
    0xe, 0x0, 0x70, 0x3, 0x80, 0x1c, 0x0, 0xe0,
    0x7, 0x0,

    /* U+0493 "ғ" */
    0x7f, 0xef, 0xfd, 0xc0, 0x38, 0x7, 0x0, 0xe0,
    0x3f, 0xe7, 0xfc, 0x70, 0xe, 0x1, 0xc0, 0x38,
    0x0,

    /* U+0494 "Ҕ" */
    0xff, 0xe7, 0xff, 0x38, 0x1, 0xc0, 0xe, 0x0,
    0x70, 0x3, 0x80, 0x1d, 0xf8, 0xff, 0xe7, 0x87,
    0xb8, 0x1f, 0xc0, 0x7e, 0x3, 0xf0, 0x1f, 0x80,
    0xfc, 0xe, 0x0, 0xf0, 0x3f, 0x1, 0xe0,

    /* U+0495 "ҕ" */
    0xff, 0x1f, 0xe3, 0x80, 0x70, 0xe, 0x1, 0xfe,
    0x3f, 0xf7, 0xe, 0xe0, 0xfc, 0x1f, 0x83, 0xf0,
    0x70, 0xe, 0x3, 0x83, 0xe0, 0x78,

    /* U+0496 "Җ" */
    0x70, 0x38, 0x1c, 0x70, 0x38, 0x1c, 0x38, 0x38,
    0x38, 0x18, 0x38, 0x38, 0x1c, 0x38, 0x70, 0xe,
    0x38, 0xe0, 0xe, 0x38, 0xe0, 0x7, 0xff, 0xc0,
    0x7, 0xff, 0xc0, 0xe, 0x38, 0xe0, 0x1e, 0x38,
    0xf0, 0x1c, 0x38, 0x70, 0x38, 0x38, 0x38, 0x38,
    0x38, 0x3c, 0x70, 0x38, 0x1f, 0xf0, 0x38, 0x1f,
    0x0, 0x0, 0x7, 0x0, 0x0, 0x7, 0x0, 0x0,
    0x7, 0x0, 0x0, 0x7,

    /* U+0497 "җ" */
    0xe0, 0xe1, 0xc7, 0xe, 0x1c, 0x38, 0xe3, 0x83,
    0x8e, 0x38, 0x1c, 0xe7, 0x0, 0xff, 0xe0, 0x1f,
    0xfe, 0x1, 0xce, 0x70, 0x38, 0xe3, 0x87, 0x8e,
    0x3c, 0x70, 0xe1, 0xfe, 0xe, 0x1f, 0x0, 0x0,
    0x70, 0x0, 0x7, 0x0, 0x0, 0x70,

    /* U+0498 "Ҙ" */
    0x3f, 0x83, 0xff, 0x18, 0x38, 0x0, 0xe0, 0x7,
    0x0, 0x38, 0x3, 0x83, 0xfc, 0x1f, 0xe0, 0x3,
    0x80, 0xe, 0x0, 0x70, 0x3, 0xb0, 0x7b, 0xff,
    0x87, 0xf0, 0x7, 0x0, 0x38, 0x1, 0xc0,

    /* U+0499 "ҙ" */
    0x3f, 0x8f, 0xf9, 0x87, 0x80, 0x70, 0x1e, 0x3f,
    0x87, 0xf0, 0x7, 0x0, 0xe8, 0x3f, 0xff, 0x1f,
    0xc0, 0xe0, 0x1c, 0x0,

    /* U+049A "Қ" */
    0xe0, 0x73, 0x81, 0xce, 0xe, 0x38, 0x30, 0xe1,
    0xc3, 0x8e, 0xe, 0x38, 0x3f, 0xc0, 0xff, 0x3,
    0x8e, 0xe, 0x38, 0x38, 0x70, 0xe0, 0xe3, 0x83,
    0x8e, 0x7, 0xf8, 0x1f, 0x0, 0x1c, 0x0, 0x70,
    0x1, 0xc0, 0x7,

    /* U+049B "қ" */
    0xe0, 0xe7, 0x7, 0x38, 0x71, 0xc7, 0xe, 0x70,
    0x7f, 0x83, 0xfc, 0x1c, 0xf0, 0xe3, 0x87, 0xe,
    0x38, 0x3f, 0xc1, 0xf0, 0x3, 0x80, 0x1c, 0x0,
    0xe0,

    /* U+049C "Ҝ" */
    0xe0, 0x3f, 0x80, 0xee, 0x7, 0x38, 0x1c, 0xec,
    0xe3, 0xb3, 0x8e, 0xdc, 0x3f, 0xe0, 0xff, 0xc3,
    0xb7, 0xe, 0xce, 0x3b, 0x38, 0xe0, 0x73, 0x81,
    0xee, 0x3, 0xb8, 0x7,

    /* U+049D "ҝ" */
    0xe0, 0xee, 0xc, 0xe1, 0xcf, 0xb8, 0xfb, 0xf,
    0xf0, 0xff, 0xf, 0xb8, 0xfb, 0x8e, 0x1c, 0xe0,
    0xee, 0xe,

    /* U+049E "Ҟ" */
    0x38, 0xe, 0x70, 0x3b, 0xfc, 0xe7, 0xf9, 0xc3,
    0x87, 0x7, 0xc, 0xe, 0x38, 0x1f, 0xe0, 0x3f,
    0xc0, 0x71, 0xc0, 0xe1, 0xc1, 0xc3, 0x83, 0x83,
    0x87, 0x7, 0x8e, 0x7, 0x1c, 0x7,

    /* U+049F "ҟ" */
    0xff, 0x3, 0xfc, 0x3, 0x80, 0xe, 0x0, 0x38,
    0x38, 0xe1, 0xc3, 0x87, 0xe, 0x38, 0x39, 0xc0,
    0xfe, 0x3, 0xfc, 0xe, 0x70, 0x38, 0xe0, 0xe1,
    0xc3, 0x87, 0x8e, 0xe,

    /* U+04A0 "Ҡ" */
    0xff, 0x1, 0xdf, 0xe0, 0x70, 0x1c, 0xe, 0x3,
    0x83, 0x80, 0x70, 0xe0, 0xe, 0x1c, 0x1, 0xc7,
    0x0, 0x3f, 0xc0, 0x7, 0xfc, 0x0, 0xe3, 0x80,
    0x1c, 0x38, 0x3, 0x87, 0x80, 0x70, 0x70, 0xe,
    0x7, 0x1, 0xc0, 0xf0, 0x38, 0xe,

    /* U+04A1 "ҡ" */
    0xfe, 0xe, 0xfe, 0xe, 0xe, 0x1c, 0xe, 0x38,
    0xe, 0x30, 0xf, 0xf0, 0xf, 0xf0, 0xe, 0x78,
    0xe, 0x38, 0xe, 0x1c, 0xe, 0xe, 0xe, 0xf,

    /* U+04A2 "Ң" */
    0xe0, 0x1c, 0xe0, 0x1c, 0xe0, 0x1c, 0xe0, 0x1c,
    0xe0, 0x1c, 0xe0, 0x1c, 0xe0, 0x1c, 0xff, 0xfc,
    0xff, 0xfc, 0xe0, 0x1c, 0xe0, 0x1c, 0xe0, 0x1c,
    0xe0, 0x1c, 0xe0, 0x1c, 0xe0, 0x1f, 0xe0, 0x1f,
    0x0, 0x7, 0x0, 0x7, 0x0, 0x7, 0x0, 0x7,

    /* U+04A3 "ң" */
    0xe0, 0x77, 0x3, 0xb8, 0x1d, 0xc0, 0xee, 0x7,
    0x7f, 0xfb, 0xff, 0xdc, 0xe, 0xe0, 0x77, 0x3,
    0xb8, 0x1f, 0xc0, 0xf0, 0x3, 0x80, 0x1c, 0x0,
    0xe0,

    /* U+04A4 "Ҥ" */
    0xe0, 0x1f, 0xff, 0x80, 0x7f, 0xfe, 0x1, 0xc0,
    0x38, 0x7, 0x0, 0xe0, 0x1c, 0x3, 0x80, 0x70,
    0xe, 0x1, 0xc0, 0x3f, 0xff, 0x0, 0xff, 0xfc,
    0x3, 0x80, 0x70, 0xe, 0x1, 0xc0, 0x38, 0x7,
    0x0, 0xe0, 0x1c, 0x3, 0x80, 0x70, 0xe, 0x1,
    0xc0, 0x38, 0x7, 0x0,

    /* U+04A5 "ҥ" */
    0xe0, 0x7f, 0xf8, 0x1f, 0xfe, 0x7, 0x3, 0x81,
    0xc0, 0xe0, 0x70, 0x3f, 0xfc, 0xf, 0xff, 0x3,
    0x81, 0xc0, 0xe0, 0x70, 0x38, 0x1c, 0xe, 0x7,
    0x3, 0x81, 0xc0,

    /* U+04A6 "Ҧ" */
    0xff, 0xfc, 0x1, 0xff, 0xf8, 0x3, 0x80, 0x70,
    0x7, 0x0, 0xe0, 0xe, 0x1, 0xc0, 0x1c, 0x3,
    0x80, 0x38, 0x7, 0x0, 0x70, 0xe, 0xf8, 0xe0,
    0x1f, 0xf9, 0xc0, 0x3c, 0x7b, 0x80, 0x70, 0x7f,
    0x0, 0xe0, 0x7e, 0x1, 0xc0, 0xfc, 0x3, 0x81,
    0xf8, 0x7, 0x3, 0xf0, 0xe, 0xe, 0x0, 0x0,
    0x3c, 0x0, 0x1, 0xf0, 0x0, 0x3, 0xc0,

    /* U+04A7 "ҧ" */
    0xff, 0xe0, 0x1f, 0xfc, 0x3, 0x83, 0x80, 0x70,
    0x70, 0xe, 0xe, 0x1, 0xc1, 0xfe, 0x38, 0x3f,
    0xf7, 0x7, 0xe, 0xe0, 0xe0, 0xfc, 0x1c, 0x1f,
    0x83, 0x83, 0xf0, 0x70, 0x70, 0x0, 0xe, 0x0,
    0x3, 0x80, 0x3, 0xe0, 0x0, 0x78,

    /* U+04A8 "Ҩ" */
    0x18, 0x1f, 0x7, 0x8f, 0xf1, 0xe3, 0xc7, 0x38,
    0x70, 0xef, 0x1c, 0xf, 0xc3, 0x81, 0xf8, 0x70,
    0x3f, 0xe, 0x7, 0xe1, 0xc0, 0xfc, 0x38, 0x1b,
    0xc3, 0x87, 0x38, 0x70, 0xe7, 0x87, 0x38, 0x7c,
    0x7e, 0x3, 0xff, 0xf8, 0x1f, 0xbf,

    /* U+04A9 "ҩ" */
    0x30, 0xf8, 0x73, 0xfe, 0x73, 0x8e, 0xe7, 0x7,
    0xe7, 0x7, 0xe7, 0x7, 0xe7, 0x7, 0xe7, 0x8e,
    0x73, 0x8e, 0x79, 0xfc, 0x3f, 0xff, 0xf, 0xff,

    /* U+04AA "Ҫ" */
    0x7, 0xe0, 0x7f, 0xe3, 0xc3, 0xde, 0x2, 0x70,
    0x3, 0x80, 0xe, 0x0, 0x38, 0x0, 0xe0, 0x3,
    0x80, 0xe, 0x0, 0x1c, 0x0, 0x78, 0x8, 0xf0,
    0xf1, 0xff, 0x81, 0xf8, 0x3, 0x80, 0xe, 0x0,
    0x38, 0x0,

    /* U+04AB "ҫ" */
    0xf, 0xc3, 0xfe, 0x78, 0x77, 0x0, 0xe0, 0xe,
    0x0, 0xe0, 0xe, 0x0, 0x70, 0x67, 0xff, 0x3f,
    0xe0, 0xf8, 0x7, 0x0, 0x70, 0x7, 0x0,

    /* U+04AC "Ҭ" */
    0xff, 0xff, 0xff, 0xc1, 0xc0, 0xe, 0x0, 0x70,
    0x3, 0x80, 0x1c, 0x0, 0xe0, 0x7, 0x0, 0x38,
    0x1, 0xc0, 0xe, 0x0, 0x70, 0x3, 0x80, 0x1f,
    0x0, 0xf8, 0x1, 0xc0, 0xe, 0x0, 0x70, 0x3,
    0x80,

    /* U+04AD "ҭ" */
    0xff, 0xff, 0xfc, 0x38, 0x7, 0x0, 0xe0, 0x1c,
    0x3, 0x80, 0x70, 0xe, 0x1, 0xc0, 0x3e, 0x7,
    0xc0, 0x38, 0x7, 0x0, 0xe0,

    /* U+04AE "Ү" */
    0xe0, 0xe, 0xe0, 0x39, 0xc0, 0x71, 0xc1, 0xc1,
    0xc3, 0x3, 0x8e, 0x3, 0xb8, 0x7, 0x70, 0x7,
    0xc0, 0xf, 0x80, 0xe, 0x0, 0x1c, 0x0, 0x38,
    0x0, 0x70, 0x0, 0xe0, 0x1, 0xc0,

    /* U+04AF "ү" */
    0xe0, 0x3b, 0x1, 0x9c, 0x1c, 0xe0, 0xe3, 0x8e,
    0x1c, 0x70, 0x73, 0x3, 0xb8, 0xd, 0x80, 0x7c,
    0x3, 0xe0, 0xe, 0x0, 0x70, 0x3, 0x80, 0x1c,
    0x0, 0xe0,

    /* U+04B0 "Ұ" */
    0xe0, 0xe, 0xe0, 0x38, 0xe0, 0x71, 0xc1, 0xc1,
    0xc3, 0x3, 0x8e, 0x3, 0xb8, 0x7, 0x70, 0x7,
    0xc0, 0x7f, 0xf0, 0xff, 0xe0, 0x1c, 0x0, 0x38,
    0x0, 0x70, 0x0, 0xe0, 0x1, 0xc0,

    /* U+04B1 "ұ" */
    0xe0, 0x3b, 0x1, 0x9c, 0x1c, 0xe0, 0xe3, 0x8e,
    0x1c, 0x70, 0x73, 0x3, 0xb8, 0x1d, 0xc0, 0x7c,
    0x3, 0xe0, 0xff, 0xe7, 0xff, 0x3, 0x80, 0x1c,
    0x0, 0xe0,

    /* U+04B2 "Ҳ" */
    0x70, 0x1c, 0x38, 0x3c, 0x3c, 0x78, 0x1c, 0x70,
    0x1e, 0xf0, 0xe, 0xe0, 0x7, 0xc0, 0x7, 0xc0,
    0x7, 0xc0, 0x7, 0xc0, 0xf, 0xe0, 0x1e, 0xf0,
    0x1c, 0x78, 0x38, 0x38, 0x78, 0x3f, 0x70, 0x1f,
    0x0, 0x7, 0x0, 0x7, 0x0, 0x7, 0x0, 0x7,

    /* U+04B3 "ҳ" */
    0x70, 0x70, 0xe3, 0xc3, 0x8e, 0x7, 0x70, 0xf,
    0x80, 0x1c, 0x0, 0x70, 0x3, 0xe0, 0x1d, 0xc0,
    0xe3, 0x83, 0x8f, 0xdc, 0x1f, 0x0, 0x1c, 0x0,
    0x70, 0x1, 0xc0,

    /* U+04B4 "Ҵ" */
    0xff, 0xf0, 0xe7, 0xff, 0x87, 0x1, 0xc0, 0x38,
    0xe, 0x1, 0xc0, 0x70, 0xe, 0x3, 0x80, 0x70,
    0x1c, 0x3, 0x80, 0xe0, 0x1c, 0x7, 0x0, 0xe0,
    0x38, 0x7, 0x1, 0xc0, 0x38, 0xe, 0x1, 0xc0,
    0x70, 0xe, 0x3, 0x80, 0x70, 0x1f, 0xff, 0xe0,
    0xff, 0xff, 0x0, 0x0, 0x38, 0x0, 0x1, 0xc0,
    0x0, 0xe, 0x0, 0x0, 0x70,

    /* U+04B5 "ҵ" */
    0xff, 0xce, 0x7f, 0xe7, 0x3, 0x83, 0x81, 0xc1,
    0xc0, 0xe0, 0xe0, 0x70, 0x70, 0x38, 0x38, 0x1c,
    0x1c, 0xe, 0xe, 0x7, 0x7, 0x3, 0xff, 0xe1,
    0xff, 0xf0, 0x0, 0x38, 0x0, 0x1c, 0x0, 0xe,

    /* U+04B6 "Ҷ" */
    0xe0, 0x38, 0xe0, 0x38, 0xe0, 0x38, 0xe0, 0x38,
    0xe0, 0x38, 0xe0, 0x38, 0xe0, 0x38, 0xe0, 0x38,
    0x70, 0x78, 0x3f, 0xf8, 0x1f, 0xf8, 0x0, 0x38,
    0x0, 0x38, 0x0, 0x38, 0x0, 0x3f, 0x0, 0x3f,
    0x0, 0x7, 0x0, 0x7, 0x0, 0x7, 0x0, 0x7,

    /* U+04B7 "ҷ" */
    0xe0, 0xe7, 0x7, 0x38, 0x39, 0xc1, 0xce, 0xe,
    0x78, 0x71, 0xff, 0x87, 0xdc, 0x0, 0xe0, 0x7,
    0x0, 0x3e, 0x1, 0xf0, 0x3, 0x80, 0x1c, 0x0,
    0xe0,

    /* U+04B8 "Ҹ" */
    0xe0, 0x3f, 0x1, 0xf8, 0xf, 0xc0, 0x7e, 0x3,
    0xf0, 0x1f, 0x98, 0xfc, 0xc7, 0x7e, 0x7b, 0xff,
    0xcf, 0xfe, 0xc, 0x70, 0x63, 0x83, 0x1c, 0x0,
    0xe0, 0x7,

    /* U+04B9 "ҹ" */
    0xe0, 0xfc, 0x1f, 0x83, 0xf0, 0x7e, 0xcf, 0xd9,
    0xdf, 0xf9, 0xf7, 0xc, 0xe1, 0x9c, 0x3, 0x80,
    0x70,

    /* U+04BA "Һ" */
    0xe0, 0x7, 0x0, 0x38, 0x1, 0xc0, 0xe, 0x0,
    0x70, 0x3, 0xbf, 0x1f, 0xfe, 0xf0, 0x77, 0x1,
    0xf8, 0xf, 0xc0, 0x7e, 0x3, 0xf0, 0x1f, 0x80,
    0xfc, 0x7,

    /* U+04BB "һ" */
    0xe0, 0xe, 0x0, 0xe0, 0xe, 0x0, 0xef, 0x8f,
    0xfe, 0xf0, 0xee, 0x7, 0xe0, 0x7e, 0x7, 0xe0,
    0x7e, 0x7, 0xe0, 0x7e, 0x7, 0xe0, 0x7e, 0x7,

    /* U+04BC "Ҽ" */
    0x0, 0x3f, 0x0, 0x7, 0xfe, 0x0, 0x78, 0x79,
    0xc7, 0x1, 0xce, 0x38, 0x7, 0x73, 0x80, 0x3b,
    0xdc, 0x0, 0xcf, 0xff, 0xfe, 0x3f, 0xff, 0xf0,
    0x38, 0x0, 0x1, 0xc0, 0x0, 0x7, 0x0, 0x0,
    0x3c, 0xc, 0x0, 0xf0, 0xf0, 0x3, 0xff, 0x0,
    0x7, 0xe0,

    /* U+04BD "ҽ" */
    0x0, 0xf8, 0x3, 0xfc, 0xe7, 0x8e, 0xe7, 0x7,
    0xe6, 0x7, 0xff, 0xff, 0x7f, 0xff, 0x6, 0x0,
    0x7, 0x0, 0x7, 0x86, 0x3, 0xfe, 0x0, 0xfc,

    /* U+04BE "Ҿ" */
    0x0, 0x3f, 0x0, 0x7, 0xfc, 0x0, 0x78, 0x79,
    0xc7, 0x1, 0xce, 0x70, 0x7, 0x73, 0x80, 0x3b,
    0x9c, 0x1, 0xcf, 0xff, 0xfe, 0x3f, 0xff, 0xf0,
    0x38, 0x0, 0x1, 0xc0, 0x0, 0x7, 0x0, 0x0,
    0x3c, 0xc, 0x0, 0xff, 0xf0, 0x3, 0xff, 0x0,
    0x7, 0xe0, 0x0, 0x1c, 0x0, 0x0, 0xe0, 0x0,
    0x7, 0x0,

    /* U+04BF "ҿ" */
    0x0, 0xf8, 0x3, 0xfc, 0xe7, 0x8e, 0xe6, 0x7,
    0xe6, 0x3, 0xff, 0xff, 0x7f, 0xff, 0x6, 0x0,
    0x7, 0x0, 0x7, 0x86, 0x3, 0xfe, 0x0, 0xfc,
    0x0, 0x70, 0x0, 0x70, 0x0, 0x70,

    /* U+04C0 "Ӏ" */
    0xff, 0xff, 0xff, 0xff, 0xff, 0xff,

    /* U+04C1 "Ӂ" */
    0x1, 0x86, 0x0, 0x7, 0x38, 0x0, 0xf, 0xc0,
    0x0, 0x1e, 0x0, 0xe0, 0x70, 0x1d, 0xc1, 0xc0,
    0xe3, 0x7, 0x7, 0xe, 0x1c, 0x1c, 0x1c, 0x70,
    0xe0, 0x71, 0xc3, 0x80, 0xe7, 0x1c, 0x3, 0xff,
    0xf0, 0xf, 0xff, 0xc0, 0x39, 0xc7, 0x1, 0xc7,
    0xe, 0xf, 0x1c, 0x3c, 0x38, 0x70, 0x71, 0xc1,
    0xc1, 0xe7, 0x7, 0x3, 0xb8, 0x1c, 0x7,

    /* U+04C2 "ӂ" */
    0x3, 0x18, 0x0, 0x63, 0x0, 0xf, 0xe0, 0x0,
    0xf8, 0x0, 0x0, 0x0, 0xe1, 0xc3, 0x9c, 0x38,
    0x71, 0xc7, 0x1c, 0x18, 0xe3, 0x3, 0x9c, 0xe0,
    0x3f, 0xf8, 0x7, 0xff, 0x1, 0xce, 0x70, 0x71,
    0xcf, 0xe, 0x38, 0xe3, 0x87, 0xe, 0x70, 0xe1,
    0xe0,

    /* U+04C3 "Ӄ" */
    0xe0, 0x37, 0x3, 0xb8, 0x39, 0xc1, 0xce, 0x1c,
    0x70, 0xc3, 0x8e, 0x1f, 0xe0, 0xff, 0x7, 0x1c,
    0x38, 0x71, 0xc1, 0xce, 0xf, 0x70, 0x3b, 0x80,
    0xfc, 0x7, 0x0, 0x38, 0x1, 0xc0, 0x7c, 0x3,
    0xc0,

    /* U+04C4 "ӄ" */
    0xe0, 0xfc, 0x3b, 0x8e, 0x71, 0x8e, 0x71, 0xfc,
    0x3f, 0xc7, 0x1c, 0xe3, 0xdc, 0x3b, 0x83, 0xf0,
    0x70, 0xe, 0x1, 0xc1, 0xf0, 0x3c,

    /* U+04C6 "ӆ" */
    0x1f, 0xf8, 0x3f, 0xf0, 0x70, 0xe0, 0xe1, 0xc1,
    0xc3, 0x83, 0x87, 0x7, 0xe, 0xe, 0x1c, 0x1c,
    0x38, 0x70, 0x73, 0xe0, 0xff, 0x81, 0xe0, 0x0,
    0xc0, 0x3, 0x80, 0x7, 0x0,

    /* U+04C7 "Ӈ" */
    0xe0, 0x1f, 0x80, 0x7e, 0x1, 0xf8, 0x7, 0xe0,
    0x1f, 0x80, 0x7e, 0x1, 0xff, 0xff, 0xff, 0xff,
    0x80, 0x7e, 0x1, 0xf8, 0x7, 0xe0, 0x1f, 0x80,
    0x7e, 0x1, 0xf8, 0x7, 0x0, 0x1c, 0x0, 0x70,
    0x1f, 0x80, 0x7c,

    /* U+04C8 "ӈ" */
    0xe0, 0x7e, 0x7, 0xe0, 0x7e, 0x7, 0xe0, 0x7f,
    0xff, 0xff, 0xfe, 0x7, 0xe0, 0x7e, 0x7, 0xe0,
    0x7e, 0x7, 0x0, 0x70, 0x7, 0x7, 0xe0, 0x7c,

    /* U+04C9 "Ӊ" */
    0xe0, 0x1c, 0xe0, 0x1c, 0xe0, 0x1c, 0xe0, 0x1c,
    0xe0, 0x1c, 0xe0, 0x1c, 0xe0, 0x1c, 0xff, 0xfc,
    0xff, 0xfc, 0xe0, 0x1c, 0xe0, 0x1c, 0xe0, 0x1c,
    0xe0, 0x1c, 0xe0, 0x1f, 0xe0, 0x1f, 0xe0, 0x1f,
    0x0, 0x6, 0x0, 0x6, 0x0, 0xe,

    /* U+04CA "ӊ" */
    0xe0, 0x73, 0x81, 0xce, 0x7, 0x38, 0x1c, 0xe0,
    0x73, 0xff, 0xcf, 0xff, 0x38, 0x1c, 0xe0, 0x73,
    0x81, 0xce, 0x7, 0xf8, 0x1e, 0x0, 0x18, 0x0,
    0xe0, 0x3, 0x80,

    /* U+04CB "Ӌ" */
    0xe0, 0x3f, 0x1, 0xf8, 0xf, 0xc0, 0x7e, 0x3,
    0xf0, 0x1f, 0x80, 0xee, 0xf, 0x7f, 0xf8, 0xff,
    0xc0, 0xe, 0x0, 0x70, 0x3, 0x80, 0xfc, 0x7,
    0xe0, 0x3f, 0x1, 0xc0, 0xe, 0x0, 0x70,

    /* U+04CC "ӌ" */
    0xe0, 0xfc, 0x1f, 0x83, 0xf0, 0x7e, 0xf, 0xe3,
    0xdf, 0xf9, 0xf7, 0x0, 0xe0, 0x1c, 0xf, 0x81,
    0xf0, 0x38, 0x7, 0x0,

    /* U+04CD "Ӎ" */
    0xe0, 0x3, 0x8e, 0x0, 0x38, 0xf0, 0x7, 0x8f,
    0x80, 0xf8, 0xf8, 0xf, 0x8f, 0xc1, 0xf8, 0xec,
    0x1b, 0x8e, 0xe3, 0xb8, 0xe7, 0x33, 0x8e, 0x77,
    0x38, 0xe3, 0xe3, 0x8e, 0x1c, 0x38, 0xe1, 0xc3,
    0x8e, 0x8, 0x3e, 0xe0, 0x3, 0xee, 0x0, 0x3e,
    0x0, 0x0, 0xe0, 0x0, 0xc, 0x0, 0x0, 0xc0,

    /* U+04CE "ӎ" */
    0xf0, 0x1c, 0xf0, 0x3c, 0xf8, 0x3c, 0xf8, 0x7c,
    0xf8, 0x7c, 0xec, 0xdc, 0xec, 0xdc, 0xe7, 0x9c,
    0xe7, 0x9c, 0xe3, 0x1c, 0xe3, 0x1f, 0xe0, 0x1f,
    0x0, 0x6, 0x0, 0x6, 0x0, 0xe,

    /* U+04CF "ӏ" */
    0xff, 0xff, 0xff, 0xff, 0xff, 0xff,

    /* U+04D0 "Ӑ" */
    0xc, 0x30, 0xe, 0x70, 0x7, 0xe0, 0x3, 0xc0,
    0x3, 0xc0, 0x3, 0xc0, 0x7, 0xc0, 0x7, 0xe0,
    0x6, 0x60, 0xe, 0x70, 0xe, 0x70, 0x1c, 0x38,
    0x1c, 0x38, 0x38, 0x1c, 0x3f, 0xfc, 0x3f, 0xfc,
    0x70, 0xe, 0x70, 0xe, 0xe0, 0x7, 0xe0, 0x7,

    /* U+04D1 "ӑ" */
    0x31, 0x86, 0x30, 0xfe, 0xf, 0x80, 0x0, 0x7e,
    0x1f, 0xf3, 0xe, 0x0, 0xe0, 0x1c, 0xff, 0xbf,
    0xfe, 0xf, 0xc1, 0xf8, 0x7b, 0xff, 0x3e, 0xe0,

    /* U+04D2 "Ӓ" */
    0x7, 0x70, 0x3, 0xb8, 0x0, 0x0, 0x0, 0x38,
    0x0, 0x1c, 0x0, 0x1f, 0x0, 0xd, 0x80, 0xe,
    0xe0, 0x6, 0x30, 0x7, 0x1c, 0x3, 0x8e, 0x3,
    0x83, 0x81, 0xc1, 0xc0, 0xff, 0xe0, 0xff, 0xf8,
    0x60, 0xc, 0x70, 0x7, 0x38, 0x3, 0xb8, 0x0,
    0xe0,

    /* U+04D3 "ӓ" */
    0x3b, 0x87, 0x70, 0x0, 0x0, 0x3, 0xf1, 0xff,
    0x98, 0x70, 0x7, 0x0, 0xe7, 0xfd, 0xff, 0xf0,
    0x7e, 0xf, 0xc3, 0xdf, 0xf9, 0xf7,

    /* U+04D4 "Ӕ" */
    0x0, 0x7f, 0xfc, 0x1, 0xff, 0xf8, 0x3, 0x70,
    0x0, 0xe, 0xe0, 0x0, 0x19, 0xc0, 0x0, 0x73,
    0x80, 0x1, 0xc7, 0x0, 0x3, 0x8f, 0xfe, 0xe,
    0x1f, 0xfc, 0x1c, 0x38, 0x0, 0x7f, 0xf0, 0x0,
    0xff, 0xe0, 0x3, 0x81, 0xc0, 0x6, 0x3, 0x80,
    0x1c, 0x7, 0xff, 0xf0, 0xf, 0xff,

    /* U+04D5 "ӕ" */
    0x3f, 0x1f, 0x87, 0xff, 0xfc, 0x61, 0xf0, 0xe0,
    0xe, 0x6, 0x0, 0xe0, 0x73, 0xff, 0xff, 0x7f,
    0xff, 0xfe, 0xe, 0x0, 0xe0, 0xe0, 0xf, 0x1f,
    0x6, 0x7f, 0xbf, 0xe3, 0xf0, 0xf8,

    /* U+04D6 "Ӗ" */
    0x30, 0xc3, 0x9c, 0x1f, 0x80, 0xf0, 0xff, 0xef,
    0xfe, 0xe0, 0xe, 0x0, 0xe0, 0xe, 0x0, 0xe0,
    0xf, 0xfe, 0xff, 0xee, 0x0, 0xe0, 0xe, 0x0,
    0xe0, 0xe, 0x0, 0xff, 0xff, 0xff,

    /* U+04D7 "ӗ" */
    0x30, 0xc3, 0xc, 0x3f, 0x80, 0xf0, 0x0, 0x1,
    0xf8, 0x3f, 0xc7, 0xe, 0xe0, 0x6e, 0x3, 0xff,
    0xff, 0xff, 0xe0, 0xe, 0x0, 0x70, 0x63, 0xfe,
    0xf, 0xc0,

    /* U+04D8 "Ә" */
    0xf, 0xe0, 0x3f, 0xf8, 0x3c, 0x3c, 0x10, 0x1e,
    0x0, 0xe, 0x0, 0x7, 0x0, 0x7, 0xff, 0xff,
    0xff, 0xff, 0xe0, 0x7, 0xe0, 0x7, 0x70, 0xe,
    0x70, 0x1e, 0x3c, 0x3c, 0x1f, 0xf8, 0x7, 0xe0,

    /* U+04D9 "ә" */
    0x1f, 0x7, 0xfc, 0x21, 0xe0, 0x6, 0x0, 0x7f,
    0xff, 0xff, 0xfe, 0x7, 0xe0, 0x77, 0xe, 0x3f,
    0xc1, 0xf8,

    /* U+04DA "Ӛ" */
    0x7, 0x70, 0x7, 0x70, 0x0, 0x0, 0x0, 0x0,
    0x7, 0xe0, 0x3f, 0xf8, 0x3c, 0x3c, 0x10, 0xe,
    0x0, 0xe, 0x0, 0x7, 0x0, 0x7, 0xff, 0xff,
    0xff, 0xff, 0xe0, 0x7, 0xe0, 0x7, 0x70, 0x6,
    0x78, 0xe, 0x3c, 0x3c, 0x1f, 0xf8, 0x7, 0xe0,

    /* U+04DB "ӛ" */
    0x39, 0xc3, 0x9c, 0x0, 0x0, 0x0, 0x3f, 0x7,
    0xfc, 0x60, 0xe0, 0x6, 0x0, 0x3f, 0xff, 0xff,
    0xfc, 0x3, 0xe0, 0x77, 0xe, 0x3f, 0xc1, 0xf8,

    /* U+04DC "Ӝ" */
    0x0, 0xee, 0x0, 0x1, 0xdc, 0x0, 0x0, 0x0,
    0x3, 0x81, 0xc0, 0xe7, 0x3, 0x81, 0xc7, 0x7,
    0x7, 0x6, 0xe, 0x1c, 0xe, 0x1c, 0x38, 0xe,
    0x38, 0xe0, 0x1c, 0x71, 0xc0, 0x1f, 0xff, 0x0,
    0x3f, 0xfe, 0x0, 0xe3, 0x8e, 0x3, 0xc7, 0x1e,
    0x7, 0xe, 0x1c, 0x1c, 0x1c, 0x3c, 0x38, 0x38,
    0x38, 0xe0, 0x70, 0x3b, 0xc0, 0xe0, 0x70,

    /* U+04DD "ӝ" */
    0x3, 0xb8, 0x0, 0x77, 0x0, 0x0, 0x0, 0x0,
    0x0, 0x6, 0xe, 0x1c, 0xe1, 0xc3, 0x8e, 0x38,
    0xe1, 0xc7, 0x1c, 0x1c, 0xe7, 0x1, 0xff, 0xc0,
    0x7f, 0xfc, 0xe, 0x73, 0x83, 0x8e, 0x38, 0x71,
    0xc7, 0x1c, 0x38, 0x77, 0x87, 0xf,

    /* U+04DE "Ӟ" */
    0x1d, 0xc0, 0xee, 0x0, 0x0, 0x0, 0x3, 0xf8,
    0x3f, 0xf1, 0x83, 0x80, 0xe, 0x0, 0x70, 0x3,
    0x80, 0x38, 0x3f, 0xc1, 0xfe, 0x0, 0x38, 0x0,
    0xe0, 0x7, 0x0, 0x3b, 0x7, 0xbf, 0xf8, 0x3f,
    0x0,

    /* U+04DF "ӟ" */
    0x3b, 0x87, 0x70, 0x0, 0x0, 0x3, 0xf0, 0xff,
    0x10, 0xf0, 0xe, 0x1, 0xc3, 0xf0, 0x7f, 0x0,
    0x70, 0xe, 0x83, 0xff, 0xf1, 0xf8,

    /* U+04E0 "Ӡ" */
    0x7f, 0xf3, 0xff, 0x80, 0x38, 0x3, 0x80, 0x1c,
    0x1, 0xc0, 0x1e, 0x0, 0xfc, 0x7, 0xf0, 0x3,
    0xc0, 0xe, 0x0, 0x74, 0x3, 0xb8, 0x3b, 0xff,
    0x83, 0xf8,

    /* U+04E1 "ӡ" */
    0x7f, 0xe7, 0xfe, 0x0, 0xc0, 0x1c, 0x3, 0x80,
    0x70, 0x6, 0x0, 0xfc, 0xf, 0xe0, 0xf, 0x0,
    0x70, 0x7, 0x40, 0x76, 0xe, 0xff, 0xe3, 0xf8,

    /* U+04E2 "Ӣ" */
    0x1f, 0xe0, 0x7f, 0x80, 0x0, 0x38, 0x7, 0xe0,
    0x3f, 0x81, 0xfe, 0x7, 0xf8, 0x3f, 0xe1, 0xdf,
    0x8f, 0x7e, 0x39, 0xf9, 0xc7, 0xef, 0x1f, 0xb8,
    0x7f, 0xc1, 0xfe, 0x7, 0xf8, 0x1f, 0xc0, 0x7e,
    0x1, 0xc0,

    /* U+04E3 "ӣ" */
    0x3f, 0xc3, 0xfc, 0x0, 0x0, 0x0, 0xe0, 0x7e,
    0xf, 0xe1, 0xfe, 0x1f, 0xe3, 0xfe, 0x77, 0xee,
    0x7f, 0xc7, 0xfc, 0x7f, 0x87, 0xf0, 0x7e, 0x7,

    /* U+04E4 "Ӥ" */
    0x1d, 0xc0, 0x77, 0x0, 0x0, 0x38, 0x7, 0xe0,
    0x3f, 0x81, 0xfe, 0x7, 0xf8, 0x3f, 0xe1, 0xdf,
    0x8f, 0x7e, 0x39, 0xf9, 0xc7, 0xef, 0x1f, 0xb8,
    0x7f, 0xc1, 0xfe, 0x7, 0xf8, 0x1f, 0xc0, 0x7e,
    0x1, 0xc0,

    /* U+04E5 "ӥ" */
    0x3b, 0x83, 0xb8, 0x0, 0x0, 0x0, 0xe0, 0x7e,
    0xf, 0xe1, 0xfe, 0x3f, 0xe3, 0xfe, 0x77, 0xee,
    0x7f, 0xc7, 0xf8, 0x7f, 0x87, 0xf0, 0x7e, 0x7,

    /* U+04E6 "Ӧ" */
    0x7, 0x70, 0x3, 0xb8, 0x0, 0x0, 0x0, 0x0,
    0x0, 0x7f, 0x0, 0xff, 0xe0, 0xf0, 0x78, 0xf0,
    0x1e, 0x70, 0x7, 0x70, 0x1, 0xf8, 0x0, 0xfc,
    0x0, 0x7e, 0x0, 0x3f, 0x0, 0x1f, 0x80, 0xe,
    0xe0, 0xe, 0x78, 0xf, 0x1e, 0xf, 0x7, 0xff,
    0x0, 0xfe, 0x0,

    /* U+04E7 "ӧ" */
    0x1d, 0xc0, 0xee, 0x0, 0x0, 0x0, 0x0, 0xf8,
    0x1f, 0xf1, 0xe3, 0xde, 0xe, 0xe0, 0x3f, 0x1,
    0xf8, 0xf, 0xc0, 0x7f, 0x7, 0x3c, 0x78, 0xff,
    0x81, 0xf0,

    /* U+04E8 "Ө" */
    0x7, 0xf0, 0xf, 0xfe, 0xf, 0x7, 0x8f, 0x1,
    0xe7, 0x0, 0x77, 0x0, 0x1f, 0x80, 0xf, 0xff,
    0xff, 0xff, 0xff, 0xf0, 0x1, 0xf8, 0x0, 0xee,
    0x0, 0xe7, 0x80, 0xf1, 0xe0, 0xf0, 0x7f, 0xf0,
    0xf, 0xe0,

    /* U+04E9 "ө" */
    0xf, 0x81, 0xff, 0x1e, 0x3d, 0xc0, 0x6e, 0x3,
    0xff, 0xff, 0xff, 0xfc, 0x7, 0xe0, 0x33, 0xc7,
    0x8f, 0xf8, 0x1f, 0x0,

    /* U+04EA "Ӫ" */
    0x7, 0x70, 0x3, 0xb8, 0x0, 0x0, 0x0, 0x0,
    0x0, 0x7f, 0x0, 0xff, 0xe0, 0xf0, 0x78, 0xf0,
    0x1e, 0x70, 0x7, 0x70, 0x1, 0xf8, 0x0, 0xff,
    0xff, 0xff, 0xff, 0xff, 0x0, 0x1f, 0x80, 0xe,
    0xe0, 0xe, 0x78, 0xf, 0x1e, 0xf, 0x7, 0xff,
    0x0, 0xfe, 0x0,

    /* U+04EB "ӫ" */
    0x1d, 0xc0, 0xee, 0x0, 0x0, 0x0, 0x0, 0xf8,
    0x1f, 0xf1, 0xe3, 0xdc, 0x6, 0xe0, 0x3f, 0xff,
    0xff, 0xff, 0xc0, 0x7e, 0x3, 0x3c, 0x78, 0xff,
    0x81, 0xf0,

    /* U+04EC "Ӭ" */
    0x1d, 0xc0, 0x77, 0x0, 0x0, 0x0, 0x0, 0x1f,
    0x81, 0xff, 0x8f, 0xf, 0x10, 0x1e, 0x0, 0x38,
    0x0, 0x70, 0x1, 0xc3, 0xff, 0xf, 0xfc, 0x0,
    0x70, 0x1, 0xc0, 0xe, 0x40, 0x7b, 0xc3, 0xc7,
    0xfe, 0x7, 0xe0,

    /* U+04ED "ӭ" */
    0x3b, 0x87, 0x70, 0x0, 0x0, 0x3, 0xe1, 0xff,
    0x18, 0x70, 0x7, 0x0, 0x63, 0xfc, 0x7f, 0x80,
    0x30, 0xe, 0xc3, 0xbf, 0xe1, 0xf0,

    /* U+04EE "Ӯ" */
    0xf, 0xf0, 0xf, 0xf0, 0x0, 0x0, 0x0, 0x0,
    0x70, 0x7, 0x70, 0xe, 0x38, 0xe, 0x38, 0x1c,
    0x1c, 0x18, 0x1c, 0x38, 0xe, 0x30, 0xe, 0x70,
    0x7, 0x60, 0x7, 0xe0, 0x3, 0xc0, 0x3, 0xc0,
    0x3, 0x80, 0x7, 0x0, 0x3f, 0x0, 0x3c, 0x0,

    /* U+04EF "ӯ" */
    0x1f, 0xe0, 0x7f, 0x80, 0x0, 0x0, 0x0, 0x70,
    0x1d, 0xc0, 0x63, 0x83, 0x8e, 0xc, 0x1c, 0x70,
    0x71, 0x81, 0xce, 0x3, 0xb8, 0xe, 0xc0, 0x1f,
    0x0, 0x78, 0x0, 0xe0, 0x3, 0x1, 0x1c, 0x7,
    0xe0, 0x1f, 0x0,

    /* U+04F0 "Ӱ" */
    0xe, 0xe0, 0x1d, 0xc0, 0x0, 0x0, 0x0, 0xe,
    0x0, 0xee, 0x1, 0x9c, 0x7, 0x1c, 0xc, 0x38,
    0x38, 0x38, 0x60, 0x71, 0xc0, 0x73, 0x0, 0xee,
    0x0, 0xf8, 0x1, 0xf0, 0x1, 0xc0, 0x3, 0x80,
    0xe, 0x0, 0xf8, 0x3, 0xe0, 0x0,

    /* U+04F1 "ӱ" */
    0x1d, 0xc0, 0xee, 0x0, 0x0, 0x0, 0x0, 0x0,
    0x30, 0x1d, 0xc0, 0xee, 0x6, 0x38, 0x71, 0xc3,
    0x6, 0x38, 0x39, 0x80, 0xdc, 0x7, 0xe0, 0x1e,
    0x0, 0xf0, 0x3, 0x0, 0x38, 0x11, 0x81, 0xfc,
    0x7, 0x80, 0x0,

    /* U+04F2 "Ӳ" */
    0x3, 0xb8, 0xe, 0x60, 0x19, 0x80, 0x0, 0x7,
    0x0, 0xee, 0x1, 0xce, 0x7, 0x1c, 0xe, 0x18,
    0x38, 0x38, 0x60, 0x31, 0xc0, 0x73, 0x0, 0x6e,
    0x0, 0xf8, 0x0, 0xf0, 0x1, 0xc0, 0x3, 0x80,
    0xe, 0x0, 0xf8, 0x1, 0xe0, 0x0,

    /* U+04F3 "ӳ" */
    0x6, 0x60, 0x67, 0x7, 0x70, 0x0, 0x0, 0x0,
    0x70, 0x1d, 0xc0, 0xce, 0xe, 0x30, 0x61, 0xc7,
    0xe, 0x38, 0x39, 0x81, 0xdc, 0x6, 0xc0, 0x3e,
    0x0, 0xe0, 0x7, 0x0, 0x30, 0x3, 0x81, 0xf8,
    0x7, 0x80, 0x0,

    /* U+04F4 "Ӵ" */
    0x1d, 0xc0, 0xee, 0x0, 0x1, 0xc0, 0x7e, 0x3,
    0xf0, 0x1f, 0x80, 0xfc, 0x7, 0xe0, 0x3f, 0x1,
    0xf8, 0xe, 0xe0, 0xf3, 0xff, 0x8f, 0xfc, 0x0,
    0xe0, 0x7, 0x0, 0x38, 0x1, 0xc0, 0xe,

    /* U+04F5 "ӵ" */
    0x3b, 0x87, 0x70, 0x0, 0x0, 0xe, 0xf, 0xc1,
    0xf8, 0x3f, 0x7, 0xe0, 0xfe, 0x1d, 0xff, 0x9f,
    0x70, 0xe, 0x1, 0xc0, 0x38, 0x7,

    /* U+04F6 "Ӷ" */
    0xff, 0xff, 0xff, 0x80, 0x70, 0xe, 0x1, 0xc0,
    0x38, 0x7, 0x0, 0xe0, 0x1c, 0x3, 0x80, 0x70,
    0xe, 0x1, 0xc0, 0x3e, 0x7, 0xc0, 0x38, 0x7,
    0x0, 0xe0, 0x1c, 0x0,

    /* U+04F7 "ӷ" */
    0xff, 0xff, 0xf8, 0x1c, 0xe, 0x7, 0x3, 0x81,
    0xc0, 0xe0, 0x70, 0x3e, 0x1f, 0x3, 0x81, 0xc0,
    0xe0,

    /* U+04F8 "Ӹ" */
    0x7, 0x38, 0x1, 0xce, 0x0, 0x0, 0x3, 0x80,
    0x7, 0xe0, 0x1, 0xf8, 0x0, 0x7e, 0x0, 0x1f,
    0x80, 0x7, 0xe0, 0x1, 0xff, 0xf0, 0x7f, 0xff,
    0x1f, 0x81, 0xe7, 0xe0, 0x39, 0xf8, 0xe, 0x7e,
    0x3, 0x9f, 0x80, 0xe7, 0xe0, 0x71, 0xff, 0xfc,
    0x7f, 0xfc, 0x1c,

    /* U+04F9 "ӹ" */
    0xe, 0xe0, 0x1d, 0xc0, 0x0, 0x0, 0x0, 0xe,
    0x0, 0xfc, 0x1, 0xf8, 0x3, 0xf0, 0x7, 0xff,
    0xf, 0xff, 0x1f, 0x8f, 0x3f, 0xe, 0x7e, 0x1c,
    0xfc, 0x79, 0xff, 0xe3, 0xff, 0x87,

    /* U+04FA "Ӻ" */
    0x3f, 0xf9, 0xff, 0xce, 0x0, 0x70, 0x3, 0x80,
    0x1c, 0x0, 0xe0, 0x1f, 0xfc, 0xff, 0xe1, 0xc0,
    0xe, 0x0, 0x70, 0x3, 0x80, 0x1f, 0x0, 0xf8,
    0x7, 0xc0, 0xe, 0x0, 0x70, 0x1f, 0x0, 0xf0,
    0x0,

    /* U+04FB "ӻ" */
    0x3f, 0xcf, 0xf3, 0x80, 0xe0, 0x38, 0x3f, 0xef,
    0xf8, 0xe0, 0x38, 0xe, 0x3, 0xc0, 0xf0, 0x1c,
    0x7, 0xf, 0x83, 0xc0,

    /* U+04FC "Ӽ" */
    0xf0, 0x1d, 0xc0, 0xe3, 0x87, 0xf, 0x18, 0x1c,
    0xe0, 0x3f, 0x0, 0xf8, 0x1, 0xe0, 0x7, 0xc0,
    0x3f, 0x1, 0xfe, 0x7, 0x3c, 0x38, 0x79, 0xe0,
    0xe7, 0x3, 0xf8, 0x7, 0x0, 0x1c, 0x0, 0x70,
    0xf, 0x80, 0x7c,

    /* U+04FD "ӽ" */
    0xe0, 0xf7, 0xe, 0x39, 0xc3, 0xf8, 0x1f, 0x0,
    0xf0, 0xf, 0x1, 0xf8, 0x3b, 0xc3, 0x9e, 0x70,
    0xee, 0x7, 0x0, 0x70, 0x7, 0x3, 0xe0, 0x7c,

    /* U+04FE "Ӿ" */
    0x70, 0x1c, 0x70, 0x70, 0xf1, 0xe0, 0xe3, 0x80,
    0xee, 0x1, 0xfc, 0x1, 0xf0, 0x1f, 0xfc, 0x3f,
    0xf8, 0xf, 0x80, 0x3b, 0x80, 0xf7, 0x81, 0xc7,
    0x7, 0x7, 0x1e, 0xf, 0x38, 0xe,

    /* U+04FF "ӿ" */
    0xe0, 0xee, 0x38, 0xe6, 0x1d, 0xc1, 0xf0, 0xff,
    0x9f, 0xf0, 0xf8, 0x3b, 0x8e, 0x39, 0xc7, 0x70,
    0x70
};


/*---------------------
 *  GLYPH DESCRIPTION
 *--------------------*/

static const lv_font_fmt_txt_glyph_dsc_t glyph_dsc[] = {
    {.bitmap_index = 0, .adv_w = 0, .box_w = 0, .box_h = 0, .ofs_x = 0, .ofs_y = 0} /* id = 0 reserved */,
    {.bitmap_index = 0, .adv_w = 97, .box_w = 1, .box_h = 1, .ofs_x = 0, .ofs_y = 0},
    {.bitmap_index = 1, .adv_w = 98, .box_w = 3, .box_h = 16, .ofs_x = 1, .ofs_y = 0},
    {.bitmap_index = 7, .adv_w = 145, .box_w = 6, .box_h = 6, .ofs_x = 1, .ofs_y = 10},
    {.bitmap_index = 12, .adv_w = 250, .box_w = 15, .box_h = 16, .ofs_x = 1, .ofs_y = 0},
    {.bitmap_index = 42, .adv_w = 221, .box_w = 12, .box_h = 21, .ofs_x = 1, .ofs_y = -3},
    {.bitmap_index = 74, .adv_w = 303, .box_w = 18, .box_h = 16, .ofs_x = 1, .ofs_y = 0},
    {.bitmap_index = 110, .adv_w = 249, .box_w = 15, .box_h = 16, .ofs_x = 1, .ofs_y = 0},
    {.bitmap_index = 140, .adv_w = 77, .box_w = 2, .box_h = 6, .ofs_x = 1, .ofs_y = 10},
    {.bitmap_index = 142, .adv_w = 122, .box_w = 6, .box_h = 21, .ofs_x = 2, .ofs_y = -4},
    {.bitmap_index = 158, .adv_w = 122, .box_w = 6, .box_h = 21, .ofs_x = 0, .ofs_y = -4},
    {.bitmap_index = 174, .adv_w = 146, .box_w = 8, .box_h = 8, .ofs_x = 1, .ofs_y = 9},
    {.bitmap_index = 182, .adv_w = 208, .box_w = 10, .box_h = 10, .ofs_x = 1, .ofs_y = 3},
    {.bitmap_index = 195, .adv_w = 86, .box_w = 3, .box_h = 7, .ofs_x = 1, .ofs_y = -3},
    {.bitmap_index = 198, .adv_w = 136, .box_w = 6, .box_h = 2, .ofs_x = 1, .ofs_y = 5},
    {.bitmap_index = 200, .adv_w = 86, .box_w = 3, .box_h = 3, .ofs_x = 1, .ofs_y = 0},
    {.bitmap_index = 202, .adv_w = 131, .box_w = 10, .box_h = 21, .ofs_x = -1, .ofs_y = -2},
    {.bitmap_index = 229, .adv_w = 237, .box_w = 13, .box_h = 16, .ofs_x = 1, .ofs_y = 0},
    {.bitmap_index = 255, .adv_w = 134, .box_w = 7, .box_h = 16, .ofs_x = 0, .ofs_y = 0},
    {.bitmap_index = 269, .adv_w = 205, .box_w = 12, .box_h = 16, .ofs_x = 0, .ofs_y = 0},
    {.bitmap_index = 293, .adv_w = 205, .box_w = 12, .box_h = 16, .ofs_x = 0, .ofs_y = 0},
    {.bitmap_index = 317, .adv_w = 239, .box_w = 14, .box_h = 16, .ofs_x = 1, .ofs_y = 0},
    {.bitmap_index = 345, .adv_w = 206, .box_w = 12, .box_h = 16, .ofs_x = 0, .ofs_y = 0},
    {.bitmap_index = 369, .adv_w = 221, .box_w = 12, .box_h = 16, .ofs_x = 1, .ofs_y = 0},
    {.bitmap_index = 393, .adv_w = 214, .box_w = 12, .box_h = 16, .ofs_x = 1, .ofs_y = 0},
    {.bitmap_index = 417, .adv_w = 230, .box_w = 13, .box_h = 16, .ofs_x = 1, .ofs_y = 0},
    {.bitmap_index = 443, .adv_w = 221, .box_w = 12, .box_h = 16, .ofs_x = 1, .ofs_y = 0},
    {.bitmap_index = 467, .adv_w = 86, .box_w = 3, .box_h = 12, .ofs_x = 1, .ofs_y = 0},
    {.bitmap_index = 472, .adv_w = 86, .box_w = 3, .box_h = 15, .ofs_x = 1, .ofs_y = -3},
    {.bitmap_index = 478, .adv_w = 208, .box_w = 10, .box_h = 10, .ofs_x = 1, .ofs_y = 3},
    {.bitmap_index = 491, .adv_w = 208, .box_w = 10, .box_h = 7, .ofs_x = 1, .ofs_y = 5},
    {.bitmap_index = 500, .adv_w = 208, .box_w = 10, .box_h = 10, .ofs_x = 1, .ofs_y = 3},
    {.bitmap_index = 513, .adv_w = 205, .box_w = 11, .box_h = 16, .ofs_x = 1, .ofs_y = 0},
    {.bitmap_index = 535, .adv_w = 364, .box_w = 21, .box_h = 20, .ofs_x = 1, .ofs_y = -4},
    {.bitmap_index = 588, .adv_w = 264, .box_w = 17, .box_h = 16, .ofs_x = 0, .ofs_y = 0},
    {.bitmap_index = 622, .adv_w = 268, .box_w = 14, .box_h = 16, .ofs_x = 2, .ofs_y = 0},
    {.bitmap_index = 650, .adv_w = 256, .box_w = 14, .box_h = 16, .ofs_x = 1, .ofs_y = 0},
    {.bitmap_index = 678, .adv_w = 291, .box_w = 15, .box_h = 16, .ofs_x = 2, .ofs_y = 0},
    {.bitmap_index = 708, .adv_w = 236, .box_w = 12, .box_h = 16, .ofs_x = 2, .ofs_y = 0},
    {.bitmap_index = 732, .adv_w = 224, .box_w = 12, .box_h = 16, .ofs_x = 2, .ofs_y = 0},
    {.bitmap_index = 756, .adv_w = 272, .box_w = 14, .box_h = 16, .ofs_x = 1, .ofs_y = 0},
    {.bitmap_index = 784, .adv_w = 285, .box_w = 14, .box_h = 16, .ofs_x = 2, .ofs_y = 0},
    {.bitmap_index = 812, .adv_w = 112, .box_w = 3, .box_h = 16, .ofs_x = 2, .ofs_y = 0},
    {.bitmap_index = 818, .adv_w = 186, .box_w = 10, .box_h = 16, .ofs_x = 0, .ofs_y = 0},
    {.bitmap_index = 838, .adv_w = 257, .box_w = 14, .box_h = 16, .ofs_x = 2, .ofs_y = 0},
    {.bitmap_index = 866, .adv_w = 211, .box_w = 11, .box_h = 16, .ofs_x = 2, .ofs_y = 0},
    {.bitmap_index = 888, .adv_w = 336, .box_w = 17, .box_h = 16, .ofs_x = 2, .ofs_y = 0},
    {.bitmap_index = 922, .adv_w = 285, .box_w = 14, .box_h = 16, .ofs_x = 2, .ofs_y = 0},
    {.bitmap_index = 950, .adv_w = 296, .box_w = 17, .box_h = 16, .ofs_x = 1, .ofs_y = 0},
    {.bitmap_index = 984, .adv_w = 256, .box_w = 13, .box_h = 16, .ofs_x = 2, .ofs_y = 0},
    {.bitmap_index = 1010, .adv_w = 296, .box_w = 18, .box_h = 19, .ofs_x = 1, .ofs_y = -3},
    {.bitmap_index = 1053, .adv_w = 257, .box_w = 13, .box_h = 16, .ofs_x = 2, .ofs_y = 0},
    {.bitmap_index = 1079, .adv_w = 221, .box_w = 12, .box_h = 16, .ofs_x = 1, .ofs_y = 0},
    {.bitmap_index = 1103, .adv_w = 212, .box_w = 13, .box_h = 16, .ofs_x = 1, .ofs_y = 0},
    {.bitmap_index = 1129, .adv_w = 278, .box_w = 14, .box_h = 16, .ofs_x = 2, .ofs_y = 0},
    {.bitmap_index = 1157, .adv_w = 257, .box_w = 16, .box_h = 16, .ofs_x = 0, .ofs_y = 0},
    {.bitmap_index = 1189, .adv_w = 403, .box_w = 24, .box_h = 16, .ofs_x = 1, .ofs_y = 0},
    {.bitmap_index = 1237, .adv_w = 244, .box_w = 15, .box_h = 16, .ofs_x = 0, .ofs_y = 0},
    {.bitmap_index = 1267, .adv_w = 233, .box_w = 15, .box_h = 16, .ofs_x = 0, .ofs_y = 0},
    {.bitmap_index = 1297, .adv_w = 233, .box_w = 13, .box_h = 16, .ofs_x = 1, .ofs_y = 0},
    {.bitmap_index = 1323, .adv_w = 123, .box_w = 6, .box_h = 21, .ofs_x = 2, .ofs_y = -4},
    {.bitmap_index = 1339, .adv_w = 131, .box_w = 10, .box_h = 21, .ofs_x = -1, .ofs_y = -2},
    {.bitmap_index = 1366, .adv_w = 123, .box_w = 6, .box_h = 21, .ofs_x = 0, .ofs_y = -4},
    {.bitmap_index = 1382, .adv_w = 208, .box_w = 11, .box_h = 10, .ofs_x = 1, .ofs_y = 3},
    {.bitmap_index = 1396, .adv_w = 176, .box_w = 11, .box_h = 2, .ofs_x = 0, .ofs_y = -2},
    {.bitmap_index = 1399, .adv_w = 211, .box_w = 6, .box_h = 3, .ofs_x = 2, .ofs_y = 14},
    {.bitmap_index = 1402, .adv_w = 214, .box_w = 11, .box_h = 12, .ofs_x = 1, .ofs_y = 0},
    {.bitmap_index = 1419, .adv_w = 241, .box_w = 13, .box_h = 17, .ofs_x = 2, .ofs_y = 0},
    {.bitmap_index = 1447, .adv_w = 205, .box_w = 12, .box_h = 12, .ofs_x = 1, .ofs_y = 0},
    {.bitmap_index = 1465, .adv_w = 242, .box_w = 13, .box_h = 17, .ofs_x = 1, .ofs_y = 0},
    {.bitmap_index = 1493, .adv_w = 219, .box_w = 12, .box_h = 12, .ofs_x = 1, .ofs_y = 0},
    {.bitmap_index = 1511, .adv_w = 130, .box_w = 9, .box_h = 17, .ofs_x = 1, .ofs_y = 0},
    {.bitmap_index = 1531, .adv_w = 244, .box_w = 13, .box_h = 16, .ofs_x = 1, .ofs_y = -4},
    {.bitmap_index = 1557, .adv_w = 241, .box_w = 12, .box_h = 17, .ofs_x = 2, .ofs_y = 0},
    {.bitmap_index = 1583, .adv_w = 102, .box_w = 3, .box_h = 18, .ofs_x = 1, .ofs_y = 0},
    {.bitmap_index = 1590, .adv_w = 104, .box_w = 7, .box_h = 22, .ofs_x = -2, .ofs_y = -4},
    {.bitmap_index = 1610, .adv_w = 224, .box_w = 12, .box_h = 17, .ofs_x = 2, .ofs_y = 0},
    {.bitmap_index = 1636, .adv_w = 102, .box_w = 3, .box_h = 17, .ofs_x = 2, .ofs_y = 0},
    {.bitmap_index = 1643, .adv_w = 371, .box_w = 19, .box_h = 12, .ofs_x = 2, .ofs_y = 0},
    {.bitmap_index = 1672, .adv_w = 241, .box_w = 12, .box_h = 12, .ofs_x = 2, .ofs_y = 0},
    {.bitmap_index = 1690, .adv_w = 227, .box_w = 13, .box_h = 12, .ofs_x = 1, .ofs_y = 0},
    {.bitmap_index = 1710, .adv_w = 241, .box_w = 13, .box_h = 16, .ofs_x = 2, .ofs_y = -4},
    {.bitmap_index = 1736, .adv_w = 241, .box_w = 13, .box_h = 16, .ofs_x = 1, .ofs_y = -4},
    {.bitmap_index = 1762, .adv_w = 148, .box_w = 7, .box_h = 12, .ofs_x = 2, .ofs_y = 0},
    {.bitmap_index = 1773, .adv_w = 181, .box_w = 10, .box_h = 12, .ofs_x = 1, .ofs_y = 0},
    {.bitmap_index = 1788, .adv_w = 149, .box_w = 9, .box_h = 15, .ofs_x = 1, .ofs_y = 0},
    {.bitmap_index = 1805, .adv_w = 240, .box_w = 12, .box_h = 12, .ofs_x = 2, .ofs_y = 0},
    {.bitmap_index = 1823, .adv_w = 203, .box_w = 13, .box_h = 12, .ofs_x = 0, .ofs_y = 0},
    {.bitmap_index = 1843, .adv_w = 323, .box_w = 20, .box_h = 12, .ofs_x = 0, .ofs_y = 0},
    {.bitmap_index = 1873, .adv_w = 202, .box_w = 12, .box_h = 12, .ofs_x = 0, .ofs_y = 0},
    {.bitmap_index = 1891, .adv_w = 203, .box_w = 13, .box_h = 16, .ofs_x = 0, .ofs_y = -4},
    {.bitmap_index = 1917, .adv_w = 187, .box_w = 10, .box_h = 12, .ofs_x = 1, .ofs_y = 0},
    {.bitmap_index = 1932, .adv_w = 130, .box_w = 7, .box_h = 21, .ofs_x = 1, .ofs_y = -4},
    {.bitmap_index = 1951, .adv_w = 107, .box_w = 3, .box_h = 21, .ofs_x = 2, .ofs_y = -4},
    {.bitmap_index = 1959, .adv_w = 130, .box_w = 7, .box_h = 21, .ofs_x = 1, .ofs_y = -4},
    {.bitmap_index = 1978, .adv_w = 208, .box_w = 11, .box_h = 4, .ofs_x = 1, .ofs_y = 6},
    {.bitmap_index = 1984, .adv_w = 236, .box_w = 12, .box_h = 20, .ofs_x = 2, .ofs_y = 0},
    {.bitmap_index = 2014, .adv_w = 236, .box_w = 12, .box_h = 19, .ofs_x = 2, .ofs_y = 0},
    {.bitmap_index = 2043, .adv_w = 296, .box_w = 18, .box_h = 16, .ofs_x = 1, .ofs_y = 0},
    {.bitmap_index = 2079, .adv_w = 206, .box_w = 11, .box_h = 20, .ofs_x = 2, .ofs_y = 0},
    {.bitmap_index = 2107, .adv_w = 250, .box_w = 14, .box_h = 16, .ofs_x = 1, .ofs_y = 0},
    {.bitmap_index = 2135, .adv_w = 227, .box_w = 12, .box_h = 16, .ofs_x = 1, .ofs_y = 0},
    {.bitmap_index = 2159, .adv_w = 115, .box_w = 3, .box_h = 16, .ofs_x = 2, .ofs_y = 0},
    {.bitmap_index = 2165, .adv_w = 112, .box_w = 7, .box_h = 19, .ofs_x = 1, .ofs_y = 0},
    {.bitmap_index = 2182, .adv_w = 195, .box_w = 10, .box_h = 16, .ofs_x = 0, .ofs_y = 0},
    {.bitmap_index = 2202, .adv_w = 417, .box_w = 26, .box_h = 16, .ofs_x = 0, .ofs_y = 0},
    {.bitmap_index = 2254, .adv_w = 414, .box_w = 23, .box_h = 16, .ofs_x = 2, .ofs_y = 0},
    {.bitmap_index = 2300, .adv_w = 299, .box_w = 18, .box_h = 16, .ofs_x = 1, .ofs_y = 0},
    {.bitmap_index = 2336, .adv_w = 254, .box_w = 14, .box_h = 20, .ofs_x = 2, .ofs_y = 0},
    {.bitmap_index = 2371, .adv_w = 289, .box_w = 14, .box_h = 20, .ofs_x = 2, .ofs_y = 0},
    {.bitmap_index = 2406, .adv_w = 249, .box_w = 15, .box_h = 20, .ofs_x = 1, .ofs_y = 0},
    {.bitmap_index = 2444, .adv_w = 284, .box_w = 13, .box_h = 20, .ofs_x = 2, .ofs_y = -4},
    {.bitmap_index = 2477, .adv_w = 274, .box_w = 17, .box_h = 16, .ofs_x = 0, .ofs_y = 0},
    {.bitmap_index = 2511, .adv_w = 259, .box_w = 13, .box_h = 16, .ofs_x = 2, .ofs_y = 0},
    {.bitmap_index = 2537, .adv_w = 263, .box_w = 13, .box_h = 16, .ofs_x = 2, .ofs_y = 0},
    {.bitmap_index = 2563, .adv_w = 206, .box_w = 11, .box_h = 16, .ofs_x = 2, .ofs_y = 0},
    {.bitmap_index = 2585, .adv_w = 287, .box_w = 17, .box_h = 20, .ofs_x = 1, .ofs_y = -4},
    {.bitmap_index = 2628, .adv_w = 236, .box_w = 12, .box_h = 16, .ofs_x = 2, .ofs_y = 0},
    {.bitmap_index = 2652, .adv_w = 370, .box_w = 23, .box_h = 16, .ofs_x = 0, .ofs_y = 0},
    {.bitmap_index = 2698, .adv_w = 228, .box_w = 13, .box_h = 16, .ofs_x = 1, .ofs_y = 0},
    {.bitmap_index = 2724, .adv_w = 289, .box_w = 14, .box_h = 16, .ofs_x = 2, .ofs_y = 0},
    {.bitmap_index = 2752, .adv_w = 289, .box_w = 14, .box_h = 20, .ofs_x = 2, .ofs_y = 0},
    {.bitmap_index = 2787, .adv_w = 254, .box_w = 14, .box_h = 16, .ofs_x = 2, .ofs_y = 0},
    {.bitmap_index = 2815, .adv_w = 280, .box_w = 16, .box_h = 16, .ofs_x = 0, .ofs_y = 0},
    {.bitmap_index = 2847, .adv_w = 339, .box_w = 17, .box_h = 16, .ofs_x = 2, .ofs_y = 0},
    {.bitmap_index = 2881, .adv_w = 288, .box_w = 14, .box_h = 16, .ofs_x = 2, .ofs_y = 0},
    {.bitmap_index = 2909, .adv_w = 297, .box_w = 17, .box_h = 16, .ofs_x = 1, .ofs_y = 0},
    {.bitmap_index = 2943, .adv_w = 288, .box_w = 14, .box_h = 16, .ofs_x = 2, .ofs_y = 0},
    {.bitmap_index = 2971, .adv_w = 253, .box_w = 13, .box_h = 16, .ofs_x = 2, .ofs_y = 0},
    {.bitmap_index = 2997, .adv_w = 254, .box_w = 14, .box_h = 16, .ofs_x = 1, .ofs_y = 0},
    {.bitmap_index = 3025, .adv_w = 218, .box_w = 13, .box_h = 16, .ofs_x = 1, .ofs_y = 0},
    {.bitmap_index = 3051, .adv_w = 249, .box_w = 15, .box_h = 16, .ofs_x = 0, .ofs_y = 0},
    {.bitmap_index = 3081, .adv_w = 330, .box_w = 19, .box_h = 17, .ofs_x = 1, .ofs_y = -1},
    {.bitmap_index = 3122, .adv_w = 244, .box_w = 15, .box_h = 16, .ofs_x = 0, .ofs_y = 0},
    {.bitmap_index = 3152, .adv_w = 294, .box_w = 16, .box_h = 20, .ofs_x = 2, .ofs_y = -4},
    {.bitmap_index = 3192, .adv_w = 261, .box_w = 13, .box_h = 16, .ofs_x = 1, .ofs_y = 0},
    {.bitmap_index = 3218, .adv_w = 386, .box_w = 19, .box_h = 16, .ofs_x = 2, .ofs_y = 0},
    {.bitmap_index = 3256, .adv_w = 396, .box_w = 22, .box_h = 20, .ofs_x = 2, .ofs_y = -4},
    {.bitmap_index = 3311, .adv_w = 294, .box_w = 18, .box_h = 16, .ofs_x = 0, .ofs_y = 0},
    {.bitmap_index = 3347, .adv_w = 356, .box_w = 18, .box_h = 16, .ofs_x = 2, .ofs_y = 0},
    {.bitmap_index = 3383, .adv_w = 252, .box_w = 13, .box_h = 16, .ofs_x = 2, .ofs_y = 0},
    {.bitmap_index = 3409, .adv_w = 250, .box_w = 14, .box_h = 16, .ofs_x = 1, .ofs_y = 0},
    {.bitmap_index = 3437, .adv_w = 389, .box_w = 21, .box_h = 16, .ofs_x = 2, .ofs_y = 0},
    {.bitmap_index = 3479, .adv_w = 258, .box_w = 13, .box_h = 16, .ofs_x = 1, .ofs_y = 0},
    {.bitmap_index = 3505, .adv_w = 210, .box_w = 11, .box_h = 12, .ofs_x = 1, .ofs_y = 0},
    {.bitmap_index = 3522, .adv_w = 235, .box_w = 13, .box_h = 17, .ofs_x = 1, .ofs_y = 0},
    {.bitmap_index = 3550, .adv_w = 218, .box_w = 11, .box_h = 12, .ofs_x = 2, .ofs_y = 0},
    {.bitmap_index = 3567, .adv_w = 176, .box_w = 9, .box_h = 12, .ofs_x = 2, .ofs_y = 0},
    {.bitmap_index = 3581, .adv_w = 240, .box_w = 14, .box_h = 15, .ofs_x = 1, .ofs_y = -3},
    {.bitmap_index = 3608, .adv_w = 224, .box_w = 12, .box_h = 12, .ofs_x = 1, .ofs_y = 0},
    {.bitmap_index = 3626, .adv_w = 309, .box_w = 19, .box_h = 12, .ofs_x = 0, .ofs_y = 0},
    {.bitmap_index = 3655, .adv_w = 195, .box_w = 11, .box_h = 12, .ofs_x = 0, .ofs_y = 0},
    {.bitmap_index = 3672, .adv_w = 247, .box_w = 12, .box_h = 12, .ofs_x = 2, .ofs_y = 0},
    {.bitmap_index = 3690, .adv_w = 247, .box_w = 12, .box_h = 17, .ofs_x = 2, .ofs_y = 0},
    {.bitmap_index = 3716, .adv_w = 218, .box_w = 12, .box_h = 12, .ofs_x = 2, .ofs_y = 0},
    {.bitmap_index = 3734, .adv_w = 230, .box_w = 13, .box_h = 12, .ofs_x = 0, .ofs_y = 0},
    {.bitmap_index = 3754, .adv_w = 284, .box_w = 14, .box_h = 12, .ofs_x = 2, .ofs_y = 0},
    {.bitmap_index = 3775, .adv_w = 242, .box_w = 12, .box_h = 12, .ofs_x = 2, .ofs_y = 0},
    {.bitmap_index = 3793, .adv_w = 227, .box_w = 13, .box_h = 12, .ofs_x = 1, .ofs_y = 0},
    {.bitmap_index = 3813, .adv_w = 240, .box_w = 11, .box_h = 12, .ofs_x = 2, .ofs_y = 0},
    {.bitmap_index = 3830, .adv_w = 243, .box_w = 13, .box_h = 16, .ofs_x = 2, .ofs_y = -4},
    {.bitmap_index = 3856, .adv_w = 205, .box_w = 12, .box_h = 12, .ofs_x = 1, .ofs_y = 0},
    {.bitmap_index = 3874, .adv_w = 181, .box_w = 11, .box_h = 12, .ofs_x = 1, .ofs_y = 0},
    {.bitmap_index = 3891, .adv_w = 208, .box_w = 13, .box_h = 16, .ofs_x = 0, .ofs_y = -4},
    {.bitmap_index = 3917, .adv_w = 291, .box_w = 17, .box_h = 21, .ofs_x = 1, .ofs_y = -4},
    {.bitmap_index = 3962, .adv_w = 199, .box_w = 12, .box_h = 12, .ofs_x = 0, .ofs_y = 0},
    {.bitmap_index = 3980, .adv_w = 245, .box_w = 13, .box_h = 15, .ofs_x = 2, .ofs_y = -3},
    {.bitmap_index = 4005, .adv_w = 219, .box_w = 11, .box_h = 12, .ofs_x = 1, .ofs_y = 0},
    {.bitmap_index = 4022, .adv_w = 336, .box_w = 17, .box_h = 12, .ofs_x = 2, .ofs_y = 0},
    {.bitmap_index = 4048, .adv_w = 336, .box_w = 19, .box_h = 15, .ofs_x = 2, .ofs_y = -3},
    {.bitmap_index = 4084, .adv_w = 232, .box_w = 14, .box_h = 12, .ofs_x = 0, .ofs_y = 0},
    {.bitmap_index = 4105, .adv_w = 293, .box_w = 15, .box_h = 12, .ofs_x = 2, .ofs_y = 0},
    {.bitmap_index = 4128, .adv_w = 207, .box_w = 11, .box_h = 12, .ofs_x = 2, .ofs_y = 0},
    {.bitmap_index = 4145, .adv_w = 205, .box_w = 12, .box_h = 12, .ofs_x = 0, .ofs_y = 0},
    {.bitmap_index = 4163, .adv_w = 313, .box_w = 17, .box_h = 12, .ofs_x = 2, .ofs_y = 0},
    {.bitmap_index = 4189, .adv_w = 218, .box_w = 11, .box_h = 12, .ofs_x = 1, .ofs_y = 0},
    {.bitmap_index = 4206, .adv_w = 224, .box_w = 12, .box_h = 17, .ofs_x = 1, .ofs_y = 0},
    {.bitmap_index = 4232, .adv_w = 224, .box_w = 12, .box_h = 16, .ofs_x = 1, .ofs_y = 0},
    {.bitmap_index = 4256, .adv_w = 239, .box_w = 14, .box_h = 21, .ofs_x = 0, .ofs_y = -4},
    {.bitmap_index = 4293, .adv_w = 176, .box_w = 9, .box_h = 17, .ofs_x = 2, .ofs_y = 0},
    {.bitmap_index = 4313, .adv_w = 206, .box_w = 12, .box_h = 12, .ofs_x = 1, .ofs_y = 0},
    {.bitmap_index = 4331, .adv_w = 191, .box_w = 10, .box_h = 12, .ofs_x = 1, .ofs_y = 0},
    {.bitmap_index = 4346, .adv_w = 103, .box_w = 3, .box_h = 17, .ofs_x = 1, .ofs_y = 0},
    {.bitmap_index = 4353, .adv_w = 102, .box_w = 6, .box_h = 16, .ofs_x = 1, .ofs_y = 0},
    {.bitmap_index = 4365, .adv_w = 104, .box_w = 7, .box_h = 21, .ofs_x = -3, .ofs_y = -4},
    {.bitmap_index = 4384, .adv_w = 334, .box_w = 21, .box_h = 12, .ofs_x = 0, .ofs_y = 0},
    {.bitmap_index = 4416, .adv_w = 339, .box_w = 19, .box_h = 12, .ofs_x = 2, .ofs_y = 0},
    {.bitmap_index = 4445, .adv_w = 239, .box_w = 14, .box_h = 16, .ofs_x = -1, .ofs_y = 0},
    {.bitmap_index = 4473, .adv_w = 218, .box_w = 12, .box_h = 17, .ofs_x = 2, .ofs_y = 0},
    {.bitmap_index = 4499, .adv_w = 247, .box_w = 12, .box_h = 17, .ofs_x = 2, .ofs_y = 0},
    {.bitmap_index = 4525, .adv_w = 208, .box_w = 13, .box_h = 21, .ofs_x = 0, .ofs_y = -4},
    {.bitmap_index = 4560, .adv_w = 230, .box_w = 11, .box_h = 15, .ofs_x = 2, .ofs_y = -3},
    {.bitmap_index = 4581, .adv_w = 289, .box_w = 17, .box_h = 17, .ofs_x = 1, .ofs_y = 0},
    {.bitmap_index = 4618, .adv_w = 222, .box_w = 13, .box_h = 17, .ofs_x = 0, .ofs_y = 0},
    {.bitmap_index = 4646, .adv_w = 324, .box_w = 20, .box_h = 16, .ofs_x = 0, .ofs_y = 0},
    {.bitmap_index = 4686, .adv_w = 259, .box_w = 17, .box_h = 12, .ofs_x = 0, .ofs_y = 0},
    {.bitmap_index = 4712, .adv_w = 297, .box_w = 17, .box_h = 16, .ofs_x = 1, .ofs_y = 0},
    {.bitmap_index = 4746, .adv_w = 231, .box_w = 13, .box_h = 12, .ofs_x = 1, .ofs_y = 0},
    {.bitmap_index = 4766, .adv_w = 273, .box_w = 17, .box_h = 16, .ofs_x = 0, .ofs_y = 0},
    {.bitmap_index = 4800, .adv_w = 219, .box_w = 14, .box_h = 12, .ofs_x = 0, .ofs_y = 0},
    {.bitmap_index = 4821, .adv_w = 301, .box_w = 16, .box_h = 23, .ofs_x = 2, .ofs_y = -3},
    {.bitmap_index = 4867, .adv_w = 256, .box_w = 14, .box_h = 20, .ofs_x = 2, .ofs_y = -3},
    {.bitmap_index = 4902, .adv_w = 262, .box_w = 15, .box_h = 17, .ofs_x = 1, .ofs_y = 0},
    {.bitmap_index = 4934, .adv_w = 219, .box_w = 13, .box_h = 12, .ofs_x = 1, .ofs_y = 0},
    {.bitmap_index = 4954, .adv_w = 258, .box_w = 13, .box_h = 16, .ofs_x = 2, .ofs_y = 0},
    {.bitmap_index = 4980, .adv_w = 247, .box_w = 13, .box_h = 16, .ofs_x = 2, .ofs_y = -4},
    {.bitmap_index = 5006, .adv_w = 207, .box_w = 11, .box_h = 19, .ofs_x = 2, .ofs_y = 0},
    {.bitmap_index = 5033, .adv_w = 170, .box_w = 9, .box_h = 15, .ofs_x = 2, .ofs_y = 0},
    {.bitmap_index = 5050, .adv_w = 221, .box_w = 13, .box_h = 16, .ofs_x = 1, .ofs_y = 0},
    {.bitmap_index = 5076, .adv_w = 187, .box_w = 11, .box_h = 12, .ofs_x = 1, .ofs_y = 0},
    {.bitmap_index = 5093, .adv_w = 248, .box_w = 13, .box_h = 19, .ofs_x = 2, .ofs_y = -3},
    {.bitmap_index = 5124, .adv_w = 216, .box_w = 11, .box_h = 16, .ofs_x = 2, .ofs_y = -4},
    {.bitmap_index = 5146, .adv_w = 383, .box_w = 24, .box_h = 20, .ofs_x = 0, .ofs_y = -4},
    {.bitmap_index = 5206, .adv_w = 320, .box_w = 20, .box_h = 15, .ofs_x = 0, .ofs_y = -3},
    {.bitmap_index = 5244, .adv_w = 228, .box_w = 13, .box_h = 19, .ofs_x = 1, .ofs_y = -3},
    {.bitmap_index = 5275, .adv_w = 195, .box_w = 11, .box_h = 14, .ofs_x = 0, .ofs_y = -2},
    {.bitmap_index = 5295, .adv_w = 268, .box_w = 14, .box_h = 20, .ofs_x = 2, .ofs_y = -4},
    {.bitmap_index = 5330, .adv_w = 218, .box_w = 13, .box_h = 15, .ofs_x = 2, .ofs_y = -3},
    {.bitmap_index = 5355, .adv_w = 266, .box_w = 14, .box_h = 16, .ofs_x = 2, .ofs_y = 0},
    {.bitmap_index = 5383, .adv_w = 223, .box_w = 12, .box_h = 12, .ofs_x = 2, .ofs_y = 0},
    {.bitmap_index = 5401, .adv_w = 262, .box_w = 15, .box_h = 16, .ofs_x = 1, .ofs_y = 0},
    {.bitmap_index = 5431, .adv_w = 217, .box_w = 14, .box_h = 16, .ofs_x = 0, .ofs_y = 0},
    {.bitmap_index = 5459, .adv_w = 297, .box_w = 19, .box_h = 16, .ofs_x = 0, .ofs_y = 0},
    {.bitmap_index = 5497, .adv_w = 246, .box_w = 16, .box_h = 12, .ofs_x = 0, .ofs_y = 0},
    {.bitmap_index = 5521, .adv_w = 299, .box_w = 16, .box_h = 20, .ofs_x = 2, .ofs_y = -4},
    {.bitmap_index = 5561, .adv_w = 250, .box_w = 13, .box_h = 15, .ofs_x = 2, .ofs_y = -3},
    {.bitmap_index = 5586, .adv_w = 381, .box_w = 22, .box_h = 16, .ofs_x = 2, .ofs_y = 0},
    {.bitmap_index = 5630, .adv_w = 315, .box_w = 18, .box_h = 12, .ofs_x = 2, .ofs_y = 0},
    {.bitmap_index = 5657, .adv_w = 418, .box_w = 23, .box_h = 19, .ofs_x = 2, .ofs_y = -3},
    {.bitmap_index = 5712, .adv_w = 347, .box_w = 19, .box_h = 16, .ofs_x = 2, .ofs_y = -4},
    {.bitmap_index = 5750, .adv_w = 344, .box_w = 19, .box_h = 16, .ofs_x = 1, .ofs_y = 0},
    {.bitmap_index = 5788, .adv_w = 288, .box_w = 16, .box_h = 12, .ofs_x = 1, .ofs_y = 0},
    {.bitmap_index = 5812, .adv_w = 254, .box_w = 14, .box_h = 19, .ofs_x = 1, .ofs_y = -3},
    {.bitmap_index = 5846, .adv_w = 205, .box_w = 12, .box_h = 15, .ofs_x = 1, .ofs_y = -3},
    {.bitmap_index = 5869, .adv_w = 218, .box_w = 13, .box_h = 20, .ofs_x = 1, .ofs_y = -4},
    {.bitmap_index = 5902, .adv_w = 181, .box_w = 11, .box_h = 15, .ofs_x = 1, .ofs_y = -3},
    {.bitmap_index = 5923, .adv_w = 242, .box_w = 15, .box_h = 16, .ofs_x = 0, .ofs_y = 0},
    {.bitmap_index = 5953, .adv_w = 209, .box_w = 13, .box_h = 16, .ofs_x = 0, .ofs_y = -4},
    {.bitmap_index = 5979, .adv_w = 233, .box_w = 15, .box_h = 16, .ofs_x = 0, .ofs_y = 0},
    {.bitmap_index = 6009, .adv_w = 209, .box_w = 13, .box_h = 16, .ofs_x = 0, .ofs_y = -4},
    {.bitmap_index = 6035, .adv_w = 255, .box_w = 16, .box_h = 20, .ofs_x = 0, .ofs_y = -4},
    {.bitmap_index = 6075, .adv_w = 199, .box_w = 14, .box_h = 15, .ofs_x = 0, .ofs_y = -3},
    {.bitmap_index = 6102, .adv_w = 346, .box_w = 21, .box_h = 20, .ofs_x = 1, .ofs_y = -4},
    {.bitmap_index = 6155, .adv_w = 277, .box_w = 17, .box_h = 15, .ofs_x = 1, .ofs_y = -3},
    {.bitmap_index = 6187, .adv_w = 272, .box_w = 16, .box_h = 20, .ofs_x = 1, .ofs_y = -4},
    {.bitmap_index = 6227, .adv_w = 229, .box_w = 13, .box_h = 15, .ofs_x = 1, .ofs_y = -3},
    {.bitmap_index = 6252, .adv_w = 261, .box_w = 13, .box_h = 16, .ofs_x = 1, .ofs_y = 0},
    {.bitmap_index = 6278, .adv_w = 219, .box_w = 11, .box_h = 12, .ofs_x = 1, .ofs_y = 0},
    {.bitmap_index = 6295, .adv_w = 261, .box_w = 13, .box_h = 16, .ofs_x = 2, .ofs_y = 0},
    {.bitmap_index = 6321, .adv_w = 239, .box_w = 12, .box_h = 16, .ofs_x = 2, .ofs_y = 0},
    {.bitmap_index = 6345, .adv_w = 353, .box_w = 21, .box_h = 16, .ofs_x = 1, .ofs_y = 0},
    {.bitmap_index = 6387, .adv_w = 279, .box_w = 16, .box_h = 12, .ofs_x = 1, .ofs_y = 0},
    {.bitmap_index = 6411, .adv_w = 353, .box_w = 21, .box_h = 19, .ofs_x = 1, .ofs_y = -3},
    {.bitmap_index = 6461, .adv_w = 279, .box_w = 16, .box_h = 15, .ofs_x = 1, .ofs_y = -3},
    {.bitmap_index = 6491, .adv_w = 115, .box_w = 3, .box_h = 16, .ofs_x = 2, .ofs_y = 0},
    {.bitmap_index = 6497, .adv_w = 370, .box_w = 22, .box_h = 20, .ofs_x = 1, .ofs_y = 0},
    {.bitmap_index = 6552, .adv_w = 309, .box_w = 19, .box_h = 17, .ofs_x = 0, .ofs_y = 0},
    {.bitmap_index = 6593, .adv_w = 257, .box_w = 13, .box_h = 20, .ofs_x = 2, .ofs_y = -4},
    {.bitmap_index = 6626, .adv_w = 218, .box_w = 11, .box_h = 16, .ofs_x = 2, .ofs_y = -4},
    {.bitmap_index = 6648, .adv_w = 238, .box_w = 15, .box_h = 15, .ofs_x = 0, .ofs_y = -3},
    {.bitmap_index = 6677, .adv_w = 287, .box_w = 14, .box_h = 20, .ofs_x = 2, .ofs_y = -4},
    {.bitmap_index = 6712, .adv_w = 244, .box_w = 12, .box_h = 16, .ofs_x = 2, .ofs_y = -4},
    {.bitmap_index = 6736, .adv_w = 300, .box_w = 16, .box_h = 19, .ofs_x = 2, .ofs_y = -3},
    {.bitmap_index = 6774, .adv_w = 250, .box_w = 14, .box_h = 15, .ofs_x = 2, .ofs_y = -3},
    {.bitmap_index = 6801, .adv_w = 259, .box_w = 13, .box_h = 19, .ofs_x = 1, .ofs_y = -3},
    {.bitmap_index = 6832, .adv_w = 217, .box_w = 11, .box_h = 14, .ofs_x = 1, .ofs_y = -2},
    {.bitmap_index = 6852, .adv_w = 355, .box_w = 20, .box_h = 19, .ofs_x = 2, .ofs_y = -3},
    {.bitmap_index = 6900, .adv_w = 297, .box_w = 16, .box_h = 15, .ofs_x = 2, .ofs_y = -3},
    {.bitmap_index = 6930, .adv_w = 103, .box_w = 3, .box_h = 16, .ofs_x = 2, .ofs_y = 0},
    {.bitmap_index = 6936, .adv_w = 274, .box_w = 16, .box_h = 20, .ofs_x = 1, .ofs_y = 0},
    {.bitmap_index = 6976, .adv_w = 210, .box_w = 11, .box_h = 17, .ofs_x = 1, .ofs_y = 0},
    {.bitmap_index = 7000, .adv_w = 274, .box_w = 17, .box_h = 19, .ofs_x = 0, .ofs_y = 0},
    {.bitmap_index = 7041, .adv_w = 210, .box_w = 11, .box_h = 16, .ofs_x = 1, .ofs_y = 0},
    {.bitmap_index = 7063, .adv_w = 376, .box_w = 23, .box_h = 16, .ofs_x = 0, .ofs_y = 0},
    {.bitmap_index = 7109, .adv_w = 351, .box_w = 20, .box_h = 12, .ofs_x = 1, .ofs_y = 0},
    {.bitmap_index = 7139, .adv_w = 236, .box_w = 12, .box_h = 20, .ofs_x = 2, .ofs_y = 0},
    {.bitmap_index = 7169, .adv_w = 224, .box_w = 12, .box_h = 17, .ofs_x = 1, .ofs_y = 0},
    {.bitmap_index = 7195, .adv_w = 289, .box_w = 16, .box_h = 16, .ofs_x = 1, .ofs_y = 0},
    {.bitmap_index = 7227, .adv_w = 224, .box_w = 12, .box_h = 12, .ofs_x = 1, .ofs_y = 0},
    {.bitmap_index = 7245, .adv_w = 289, .box_w = 16, .box_h = 20, .ofs_x = 1, .ofs_y = 0},
    {.bitmap_index = 7285, .adv_w = 224, .box_w = 12, .box_h = 16, .ofs_x = 1, .ofs_y = 0},
    {.bitmap_index = 7309, .adv_w = 370, .box_w = 23, .box_h = 19, .ofs_x = 0, .ofs_y = 0},
    {.bitmap_index = 7364, .adv_w = 309, .box_w = 19, .box_h = 16, .ofs_x = 0, .ofs_y = 0},
    {.bitmap_index = 7402, .adv_w = 228, .box_w = 13, .box_h = 20, .ofs_x = 1, .ofs_y = 0},
    {.bitmap_index = 7435, .adv_w = 195, .box_w = 11, .box_h = 16, .ofs_x = 0, .ofs_y = 0},
    {.bitmap_index = 7457, .adv_w = 222, .box_w = 13, .box_h = 16, .ofs_x = 0, .ofs_y = 0},
    {.bitmap_index = 7483, .adv_w = 190, .box_w = 12, .box_h = 16, .ofs_x = 0, .ofs_y = -4},
    {.bitmap_index = 7507, .adv_w = 289, .box_w = 14, .box_h = 19, .ofs_x = 2, .ofs_y = 0},
    {.bitmap_index = 7541, .adv_w = 247, .box_w = 12, .box_h = 16, .ofs_x = 2, .ofs_y = 0},
    {.bitmap_index = 7565, .adv_w = 289, .box_w = 14, .box_h = 19, .ofs_x = 2, .ofs_y = 0},
    {.bitmap_index = 7599, .adv_w = 247, .box_w = 12, .box_h = 16, .ofs_x = 2, .ofs_y = 0},
    {.bitmap_index = 7623, .adv_w = 297, .box_w = 17, .box_h = 20, .ofs_x = 1, .ofs_y = 0},
    {.bitmap_index = 7666, .adv_w = 227, .box_w = 13, .box_h = 16, .ofs_x = 1, .ofs_y = 0},
    {.bitmap_index = 7692, .adv_w = 297, .box_w = 17, .box_h = 16, .ofs_x = 1, .ofs_y = 0},
    {.bitmap_index = 7726, .adv_w = 231, .box_w = 13, .box_h = 12, .ofs_x = 1, .ofs_y = 0},
    {.bitmap_index = 7746, .adv_w = 297, .box_w = 17, .box_h = 20, .ofs_x = 1, .ofs_y = 0},
    {.bitmap_index = 7789, .adv_w = 231, .box_w = 13, .box_h = 16, .ofs_x = 1, .ofs_y = 0},
    {.bitmap_index = 7815, .adv_w = 250, .box_w = 14, .box_h = 20, .ofs_x = 1, .ofs_y = 0},
    {.bitmap_index = 7850, .adv_w = 205, .box_w = 11, .box_h = 16, .ofs_x = 0, .ofs_y = 0},
    {.bitmap_index = 7872, .adv_w = 249, .box_w = 16, .box_h = 20, .ofs_x = 0, .ofs_y = 0},
    {.bitmap_index = 7912, .adv_w = 208, .box_w = 14, .box_h = 20, .ofs_x = -1, .ofs_y = -4},
    {.bitmap_index = 7947, .adv_w = 249, .box_w = 15, .box_h = 20, .ofs_x = 0, .ofs_y = 0},
    {.bitmap_index = 7985, .adv_w = 208, .box_w = 13, .box_h = 21, .ofs_x = 0, .ofs_y = -4},
    {.bitmap_index = 8020, .adv_w = 249, .box_w = 15, .box_h = 20, .ofs_x = 0, .ofs_y = 0},
    {.bitmap_index = 8058, .adv_w = 208, .box_w = 13, .box_h = 21, .ofs_x = 0, .ofs_y = -4},
    {.bitmap_index = 8093, .adv_w = 261, .box_w = 13, .box_h = 19, .ofs_x = 1, .ofs_y = 0},
    {.bitmap_index = 8124, .adv_w = 219, .box_w = 11, .box_h = 16, .ofs_x = 1, .ofs_y = 0},
    {.bitmap_index = 8146, .adv_w = 206, .box_w = 11, .box_h = 20, .ofs_x = 2, .ofs_y = -4},
    {.bitmap_index = 8174, .adv_w = 176, .box_w = 9, .box_h = 15, .ofs_x = 2, .ofs_y = -3},
    {.bitmap_index = 8191, .adv_w = 356, .box_w = 18, .box_h = 19, .ofs_x = 2, .ofs_y = 0},
    {.bitmap_index = 8234, .adv_w = 293, .box_w = 15, .box_h = 16, .ofs_x = 2, .ofs_y = 0},
    {.bitmap_index = 8264, .adv_w = 221, .box_w = 13, .box_h = 20, .ofs_x = 1, .ofs_y = -4},
    {.bitmap_index = 8297, .adv_w = 178, .box_w = 10, .box_h = 16, .ofs_x = 1, .ofs_y = -4},
    {.bitmap_index = 8317, .adv_w = 245, .box_w = 14, .box_h = 20, .ofs_x = 1, .ofs_y = -4},
    {.bitmap_index = 8352, .adv_w = 199, .box_w = 12, .box_h = 16, .ofs_x = 0, .ofs_y = -4},
    {.bitmap_index = 8376, .adv_w = 248, .box_w = 15, .box_h = 16, .ofs_x = 0, .ofs_y = 0},
    {.bitmap_index = 8406, .adv_w = 207, .box_w = 11, .box_h = 12, .ofs_x = 1, .ofs_y = 0}
};

/*---------------------
 *  CHARACTER MAPPING
 *--------------------*/

static const uint16_t unicode_list_2[] = {
    0x0, 0x1, 0x8, 0x9, 0x10, 0x11, 0x12, 0x13
};

/*Collect the unicode lists and glyph_id offsets*/
static const lv_font_fmt_txt_cmap_t cmaps[] =
{
    {
        .range_start = 32, .range_length = 95, .glyph_id_start = 1,
        .unicode_list = NULL, .glyph_id_ofs_list = NULL, .list_length = 0, .type = LV_FONT_FMT_TXT_CMAP_FORMAT0_TINY
    },
    {
        .range_start = 1024, .range_length = 96, .glyph_id_start = 96,
        .unicode_list = NULL, .glyph_id_ofs_list = NULL, .list_length = 0, .type = LV_FONT_FMT_TXT_CMAP_FORMAT0_TINY
    },
    {
        .range_start = 1122, .range_length = 20, .glyph_id_start = 192,
        .unicode_list = unicode_list_2, .glyph_id_ofs_list = NULL, .list_length = 8, .type = LV_FONT_FMT_TXT_CMAP_SPARSE_TINY
    },
    {
        .range_start = 1162, .range_length = 59, .glyph_id_start = 200,
        .unicode_list = NULL, .glyph_id_ofs_list = NULL, .list_length = 0, .type = LV_FONT_FMT_TXT_CMAP_FORMAT0_TINY
    },
    {
        .range_start = 1222, .range_length = 58, .glyph_id_start = 259,
        .unicode_list = NULL, .glyph_id_ofs_list = NULL, .list_length = 0, .type = LV_FONT_FMT_TXT_CMAP_FORMAT0_TINY
    }
};

/*-----------------
 *    KERNING
 *----------------*/


/*Map glyph_ids to kern left classes*/
static const uint8_t kern_left_class_mapping[] =
{
    0, 0, 1, 2, 0, 3, 4, 5,
    2, 6, 7, 8, 9, 10, 9, 10,
    11, 12, 0, 13, 14, 15, 16, 17,
    18, 19, 12, 20, 20, 0, 0, 0,
    21, 22, 23, 24, 25, 22, 26, 27,
    28, 29, 29, 30, 31, 32, 29, 29,
    22, 33, 34, 35, 3, 36, 30, 37,
    37, 38, 39, 40, 41, 42, 43, 0,
    44, 0, 45, 46, 47, 48, 49, 50,
    51, 45, 52, 52, 53, 48, 45, 45,
    46, 46, 54, 55, 56, 57, 51, 58,
    58, 59, 58, 60, 41, 0, 0, 9,
    26, 26, 61, 62, 25, 3, 29, 29,
    30, 63, 63, 61, 38, 29, 64, 29,
    23, 65, 24, 62, 66, 26, 38, 24,
    29, 29, 38, 29, 29, 29, 22, 29,
    33, 25, 36, 64, 22, 38, 66, 29,
    29, 66, 63, 29, 63, 22, 22, 29,
    51, 46, 67, 68, 51, 49, 59, 67,
    51, 51, 59, 51, 51, 51, 46, 51,
    46, 47, 68, 58, 46, 59, 51, 51,
    51, 51, 69, 51, 69, 46, 46, 51,
    49, 49, 51, 0, 47, 56, 51, 51,
    51, 69, 69, 45, 59, 51, 58, 51,
    70, 71, 38, 59, 22, 46, 64, 58,
    66, 51, 63, 71, 33, 46, 62, 0,
    27, 68, 70, 71, 38, 59, 24, 67,
    38, 59, 38, 59, 31, 53, 38, 59,
    66, 51, 62, 68, 72, 51, 46, 46,
    25, 47, 36, 55, 73, 58, 73, 58,
    38, 59, 66, 51, 66, 51, 29, 51,
    72, 45, 22, 49, 22, 49, 29, 38,
    59, 31, 59, 51, 29, 51, 66, 51,
    29, 51, 66, 51, 48, 23, 45, 23,
    45, 26, 49, 26, 49, 22, 46, 22,
    46, 38, 59, 24, 67, 24, 67, 29,
    51, 29, 51, 22, 46, 22, 46, 22,
    46, 22, 46, 64, 58, 64, 58, 64,
    58, 29, 51, 62, 0, 29, 51, 36,
    55, 38, 74, 38, 59
};

/*Map glyph_ids to kern right classes*/
static const uint8_t kern_right_class_mapping[] =
{
    0, 0, 1, 2, 0, 3, 4, 5,
    2, 6, 7, 8, 9, 10, 9, 10,
    11, 12, 13, 14, 15, 16, 17, 12,
    18, 19, 20, 21, 21, 0, 0, 0,
    22, 23, 24, 25, 23, 25, 25, 25,
    23, 25, 25, 26, 25, 25, 25, 25,
    23, 25, 23, 25, 3, 27, 28, 29,
    29, 30, 31, 32, 33, 34, 35, 0,
    36, 0, 37, 38, 39, 39, 39, 0,
    39, 38, 40, 41, 38, 38, 42, 42,
    39, 42, 39, 42, 43, 44, 45, 46,
    46, 47, 46, 48, 0, 0, 35, 9,
    25, 25, 27, 25, 23, 3, 25, 25,
    26, 49, 25, 27, 25, 25, 30, 25,
    24, 25, 25, 25, 49, 25, 30, 50,
    25, 25, 25, 49, 25, 25, 23, 25,
    25, 23, 27, 30, 23, 30, 25, 51,
    25, 25, 27, 25, 25, 50, 25, 30,
    37, 23, 42, 42, 52, 39, 47, 53,
    42, 42, 42, 52, 42, 42, 39, 42,
    42, 39, 54, 46, 39, 47, 42, 45,
    42, 42, 54, 42, 42, 53, 42, 47,
    39, 39, 38, 42, 39, 43, 42, 42,
    55, 52, 42, 56, 42, 42, 46, 42,
    27, 54, 30, 47, 23, 39, 29, 46,
    25, 42, 25, 57, 25, 42, 25, 42,
    0, 58, 25, 42, 30, 47, 50, 53,
    25, 42, 25, 42, 25, 38, 27, 54,
    25, 42, 25, 42, 25, 42, 23, 39,
    23, 39, 27, 54, 31, 46, 31, 46,
    30, 47, 27, 54, 51, 45, 51, 45,
    25, 38, 59, 60, 59, 60, 25, 30,
    47, 25, 42, 52, 25, 42, 25, 42,
    51, 45, 25, 42, 38, 24, 37, 24,
    37, 24, 37, 25, 39, 23, 39, 23,
    39, 30, 47, 50, 53, 50, 53, 25,
    42, 25, 42, 23, 39, 23, 39, 23,
    39, 50, 53, 30, 46, 30, 46, 30,
    46, 51, 45, 25, 42, 25, 42, 25,
    42, 30, 47, 30, 47
};

/*Kern values between classes*/
static const int8_t kern_class_values[] =
{
    0, 2, 0, 0, 0, 0, 0, 0,
    0, 2, 0, 0, 4, 0, 0, 0,
    0, 2, 0, 0, 0, 0, 0, 0,
    0, 0, 0, 0, 0, 0, 0, 0,
    0, 0, 2, 0, 0, 0, 0, 0,
    0, 0, 0, 0, 0, 0, 0, 0,
    0, 0, 0, 0, 0, 0, 0, 0,
    0, 0, 0, 0, 2, 16, 0, 9,
    -7, 0, 0, 0, 0, -19, -21, 2,
    16, 7, 5, -14, 2, 16, 1, 14,
    4, 11, 0, 0, 0, 0, 0, 0,
    0, 0, 0, 0, 0, 21, 4, -2,
    0, 0, 0, 0, 0, 0, 0, 0,
    0, 0, 0, 0, 0, 0, 0, 0,
    0, 0, 0, 0, 0, 0, 0, 0,
    0, -11, 0, 0, 0, 0, 0, -7,
    5, 7, 0, 0, -4, 0, -2, 4,
    0, -4, 0, -4, -2, -7, 0, 0,
    0, 0, -4, 0, 0, -5, -5, 0,
    0, -4, 0, -7, 0, 0, 0, 0,
    0, 0, 0, 0, 0, -4, -4, 0,
    -6, 0, -8, 0, -3, -4, 0, 1,
    -5, 0, -11, -7, 0, -9, 0, -43,
    0, 0, -7, 0, 7, 11, 0, 0,
    -7, 4, 4, 12, 7, -5, 7, 0,
    0, -19, 0, 0, 0, 0, 0, 0,
    0, 0, 0, 0, 0, -12, 0, 0,
    0, 0, 0, 0, 0, 0, 0, 0,
    0, 0, 0, 0, 0, 0, 0, 0,
    0, 0, 0, 0, 0, 0, 0, 0,
    -4, -16, 0, -14, -2, 0, 0, 0,
    0, 0, 12, 0, -11, -4, -2, 2,
    0, -5, 0, 0, -2, -25, 0, 0,
    0, 0, 0, 0, 0, 0, 0, 0,
    0, -28, -4, 11, 0, 0, 0, 0,
    0, 0, 0, 0, 0, 0, 0, 0,
    0, 0, 0, 0, 0, 0, 0, 0,
    0, 0, 0, 0, 0, 0, 0, 0,
    0, 0, 0, 0, 0, 0, 12, 0,
    4, 0, 0, -7, 0, 0, 0, 0,
    0, 0, 0, 0, 0, 0, 0, 0,
    0, 0, 0, 0, 0, 14, 4, 2,
    0, 0, 0, 0, 0, 0, 0, 0,
    0, 0, 0, 0, 0, 0, 0, 0,
    0, 0, 0, 0, 0, 0, 0, 0,
    0, 0, 0, 0, 0, 0, 0, 0,
    0, 0, 0, 0, 0, 0, 0, 0,
    0, 0, 0, 0, 0, 0, 0, 0,
    0, 0, -12, 0, 0, 0, 0, 0,
    0, 0, 0, 0, 0, 0, 0, 0,
    0, 0, 0, 0, 0, 0, 0, 0,
    0, 0, -12, 0, 0, 0, 0, 0,
    0, 0, 0, 0, 2, 7, 4, 11,
    -4, 0, 0, 7, -4, -12, -48, 2,
    9, 7, 0, -5, 0, 11, 0, 11,
    0, 11, 0, -33, 0, -4, 11, 0,
    12, -4, 7, 4, 0, 0, 2, -4,
    0, 0, -5, 28, 0, 28, 0, 11,
    0, 14, 5, 5, 0, 0, 0, 0,
    0, 0, 0, 0, 0, 0, 0, 0,
    0, 0, 0, -12, 0, 0, 0, 0,
    2, -2, 0, 2, -7, -5, -7, 2,
    0, -4, 0, 0, 0, -14, 0, 0,
    0, 0, 0, 0, 0, 0, 0, 0,
    0, -23, 0, 0, 0, 0, 0, 0,
    0, 0, 0, 0, 0, 0, 0, 0,
    0, 0, 0, 0, 0, 0, 0, 0,
    0, 0, 0, 0, 2, -19, 0, -23,
    0, 0, 0, 0, -2, 0, 33, -4,
    -5, 4, 4, -2, 0, -5, 4, 0,
    0, -19, 0, 0, 0, 0, 0, 0,
    0, 0, 0, 0, 0, -33, 0, 4,
    0, 0, 0, 0, 0, 0, 0, 0,
    0, 0, 0, 0, 0, 0, 0, 0,
    0, 0, 0, 0, 0, 0, 0, 0,
    0, 21, 0, 0, -12, 0, 12, 0,
    -25, -33, -25, -7, 11, 0, 0, -23,
    0, 4, -9, 0, -5, 0, 0, 0,
    0, 0, 0, 0, 0, 0, 0, 0,
    0, 7, 11, -42, 0, 0, 0, 0,
    0, 0, 0, 0, 0, 0, 0, 0,
    0, 0, 0, 0, 0, 0, 0, 0,
    0, 0, 0, 0, 0, 2, 0, 0,
    0, 0, 0, 2, 2, -4, -7, 0,
    -2, -2, -4, 0, 0, -2, 0, 0,
    0, -7, 0, -4, 0, -9, -7, 0,
    -9, -12, -12, -6, 0, -7, 0, -7,
    0, 0, 0, 0, -3, 0, 0, 4,
    0, 2, -4, 0, 0, 0, 0, 0,
    0, 0, -3, 0, 0, 0, 0, 0,
    0, 0, 0, 4, -2, 0, 0, 0,
    -2, 4, 4, -1, 0, 0, 0, -5,
    0, -1, 0, 0, 0, 0, 0, 2,
    0, 5, -2, 0, -4, 0, -6, 0,
    0, -2, 0, 11, 0, 0, -4, 0,
    0, 0, 0, 0, -1, 1, -2, -2,
    0, 0, 0, 0, 0, 0, 0, 0,
    0, 0, 0, 0, 0, -4, 0, -4,
    0, 0, 0, 0, 0, 0, 0, 0,
    0, -2, -2, 0, -4, -4, 0, 0,
    0, 0, 0, 1, 0, 0, -2, 0,
    -4, -4, -4, 0, 0, 0, 0, 0,
    0, 0, 0, 0, -2, 0, 0, 0,
    0, -2, -5, 0, 0, 0, 0, 0,
    0, 0, -2, 0, 0, 0, 0, 0,
    0, -11, -2, -11, 7, 0, 0, -7,
    4, 7, 9, 0, -9, -1, -4, 0,
    -1, -16, 4, -2, 2, -19, 4, 0,
    0, 2, -18, 0, -19, -4, -31, -2,
    0, -18, 0, 7, 10, 0, 5, 0,
    0, 0, 0, 1, 0, -7, -5, 0,
    0, 0, 0, 0, 0, 0, 0, 0,
    0, 0, 0, 0, 0, 0, 0, -4,
    0, 0, 0, -4, 0, 0, 0, 0,
    0, -2, -2, 0, -2, -5, 0, 0,
    0, 0, 0, 0, 0, -4, -4, 0,
    -2, -4, -3, 0, 0, -4, 0, 0,
    0, 0, 0, 0, 0, 0, 0, 0,
    0, -4, -4, 0, 0, 0, 0, 0,
    0, 0, 0, 0, 0, 0, 0, 0,
    0, -2, 0, -7, 4, 0, 0, -4,
    2, 4, 4, 0, 0, 0, 0, 0,
    0, -2, 0, 0, 0, 0, 0, 2,
    0, 0, -4, 0, -4, -2, -4, 0,
    0, 0, 0, 0, 0, 0, 3, 0,
    -3, 0, 0, 0, 0, -5, -5, 0,
    0, 0, 0, 0, 0, 0, -3, 0,
    0, 0, 0, 0, 0, 11, -2, 2,
    -11, 0, 0, 9, -18, -18, -14, -7,
    4, 0, -3, -23, -6, 0, -6, 0,
    -7, 5, -6, -22, 0, -9, 0, 0,
    2, -1, 4, -2, 0, 4, 2, -11,
    -13, 0, -18, -8, -7, -8, -11, -4,
    -9, 0, -5, -9, 0, 0, 0, 0,
    0, 0, -7, 0, 0, 0, 0, 0,
    0, 1, 0, -4, 0, 0, 0, 2,
    0, 4, 0, 0, 0, 0, 0, 0,
    0, 0, 0, 0, 0, -4, 0, -2,
    0, -1, -4, 0, -6, -8, -8, -1,
    0, -11, 0, 0, 0, 0, 0, 0,
    -3, 0, 0, 0, 0, 1, -3, 0,
    0, 0, 0, 0, 0, 0, -3, 0,
    0, 0, 0, 0, 0, 4, 0, 0,
    0, 0, 0, 0, 0, 0, 18, 0,
    0, 0, 0, 0, 0, 2, 0, 0,
    0, -4, 0, 0, 0, 0, 0, 0,
    0, 0, 0, 0, 0, -7, 0, 4,
    0, 0, 0, 0, 0, 0, 0, 0,
    0, 0, 0, 0, 0, 0, 0, 0,
    0, 0, 0, 0, 0, 0, 0, 0,
    -2, 0, 0, 0, -5, 0, 0, 0,
    0, -18, -11, 0, 0, 0, -5, -18,
    0, 0, -4, 4, 0, -8, 0, 0,
    0, 0, 0, 0, 0, 0, 0, 0,
    -4, 0, 0, -6, 0, 0, 0, 0,
    0, 0, 0, 0, 0, 0, 0, 0,
    0, 0, 0, 0, 0, 0, 0, 0,
    0, 0, 0, 0, 0, -6, 0, 0,
    0, 0, 4, 0, 2, -7, -7, 0,
    -4, -4, -4, 0, 0, 0, 0, 0,
    0, -11, 0, -4, 0, -5, -4, 0,
    -8, -9, -11, -3, 0, -7, 1, -11,
    0, 0, 0, 0, 28, 0, 0, 2,
    0, 0, -5, 0, -7, -7, -5, -6,
    -6, -4, 28, 0, -5, 0, 0, -6,
    0, -15, 0, 0, 0, 0, 0, -33,
    -7, 12, 11, -4, -15, 0, 4, -5,
    0, -18, -2, -5, 4, -25, -4, 6,
    0, 5, -12, -5, -13, -12, -15, 0,
    0, -21, 0, 19, 0, 0, -2, 0,
    0, 0, -2, -2, -4, -10, -12, -1,
    2, 0, -18, 2, 0, -17, 0, -1,
    -9, -2, -27, -17, 0, 0, 0, 0,
    0, 0, 0, 0, 0, 2, 0, 0,
    0, 0, 0, 0, 0, 0, 0, 0,
    0, 0, 0, 0, 0, 0, -4, 0,
    -2, -4, -5, 0, 0, -7, 0, -4,
    0, 0, 0, 0, 0, 0, 0, 0,
    0, 0, 0, 0, 0, 0, 0, 0,
    0, 0, 0, 0, -7, 0, 0, -5,
    0, 0, -1, 0, -7, 0, 0, 7,
    -2, 5, 0, -7, 4, -2, -1, -7,
    -4, 0, -5, -4, -2, 0, -5, -5,
    0, 0, -3, -2, -2, -5, -4, 0,
    0, -4, 0, 4, -2, 0, -7, 0,
    0, 0, -7, 0, -5, 0, -5, -5,
    -6, 0, -2, -7, -4, -5, 0, 1,
    -10, 0, -11, -21, 0, 0, 0, 0,
    0, 0, 0, 0, -7, 4, 0, -4,
    0, -2, -4, -8, -2, -2, -2, -1,
    -2, -4, -1, 0, 0, 0, 0, 0,
    -4, -3, -3, 0, 0, 0, 0, 4,
    -2, 0, -2, 0, 0, 0, -2, -4,
    -2, -2, -4, -2, 0, 0, 0, 0,
    0, 0, 0, 0, -4, 0, 0, -5,
    4, 14, -1, 0, -9, 0, -2, 7,
    0, -4, -14, -5, 5, 1, 0, -16,
    -5, 4, -5, 2, 0, -1, -3, -11,
    0, -5, 2, 0, 0, -5, 0, 0,
    0, 4, 4, -7, -6, 0, -5, -4,
    -5, -4, -4, 0, -5, 2, -6, -5,
    -13, -4, -4, -12, -8, -4, -5, 2,
    -7, 0, -7, -9, 0, 0, 0, 0,
    0, 0, 0, 0, 0, 4, 0, 0,
    0, 0, 0, 0, 0, 0, 0, 0,
    0, 0, 0, 0, 0, 0, 0, 0,
    0, 0, 0, 0, 0, -5, 0, 0,
    0, 0, 0, 0, 0, 0, 0, 0,
    0, 0, 0, 0, 0, 0, 0, 0,
    0, 0, 0, 0, 0, 0, 0, 0,
    0, 0, 0, 0, 0, 0, 0, 0,
    0, 0, 0, 0, 0, 0, 0, 0,
    0, 0, 0, 0, 0, 0, 0, 0,
    0, 0, 0, 0, -2, 0, 0, 0,
    0, 0, 0, 0, 0, 0, 0, 0,
    0, 0, 0, 0, 0, 0, 0, 0,
    -2, 0, -7, 0, 0, 0, 0, 1,
    -2, 0, -2, -2, 0, 0, 0, 0,
    0, 0, 0, 0, 0, -3, -4, 0,
    0, 0, 0, 0, 0, 0, 0, 0,
    0, 0, 0, -5, 0, 0, -5, 0,
    0, -4, -4, 0, 0, 0, 0, -4,
    0, 0, 0, 0, -2, 0, 0, 0,
    0, 0, -2, 0, -8, 0, -8, -5,
    -5, -5, -2, 1, -5, 0, -6, -9,
    0, 0, -5, 0, -7, 0, 0, 0,
    -12, 0, 2, -8, 7, 1, -2, -16,
    0, 0, -8, -4, 0, -14, -9, -11,
    0, 0, -16, -4, -14, -14, -18, 0,
    -7, 0, 4, 23, -5, 0, -8, -4,
    -1, -4, -5, -9, -6, -13, -15, -9,
    0, -8, -9, 0, -8, -16, -1, 2,
    -17, 0, -21, -31, 0, 0, -2, 0,
    2, 0, 0, -25, -2, 11, 7, -7,
    -12, 0, 2, -8, 0, -18, -2, -4,
    7, -32, -5, 2, 0, 0, -23, -4,
    -18, -4, -26, 0, 0, -25, 0, 19,
    2, 0, -2, 0, 0, 0, 0, -2,
    -2, -13, -2, 0, 0, 0, 0, 0,
    0, 0, 0, 0, 0, 0, 0, 0,
    0, 0, 0, 0, -11, 0, -2, 0,
    -2, -10, -16, 0, 0, -2, -5, -11,
    -4, 0, -2, 0, 0, 0, 0, -16,
    -4, -12, -11, -4, -6, -9, -4, -5,
    0, -7, -2, -12, -5, 0, -4, -5,
    -4, -5, 0, 2, 0, -2, -12, 0,
    -14, -6, -6, -14, -7, -2, -4, 0,
    -7, 0, -3, -6, 0, -6, 0, 0,
    0, 0, 4, 0, 2, -7, 16, 0,
    -4, -4, -4, 0, 0, 0, 0, 0,
    0, -11, 0, -4, 0, -5, -4, 0,
    -8, -9, -11, -3, 0, -7, 4, 14,
    0, 0, 0, 0, 28, 0, 0, 2,
    0, 0, -5, 0, -7, -7, -5, -6,
    -6, -4, 28, 0, -5, 0, 0, -6,
    0, 0, 0, 0, 0, 0, 0, 0,
    -1, 0, 0, 0, 0, 0, -2, -7,
    0, 0, 0, 0, 0, -2, 0, 0,
    0, -4, -4, 0, 0, -7, -4, 0,
    0, -7, 0, 5, -2, 0, 0, 0,
    0, 0, 0, 2, 0, 0, 0, 0,
    0, 0, 0, 0, 0, 0, 0, 0,
    0, 0, 0, 0, 7, 4, -2, 0,
    -11, -4, 0, 11, -12, -11, -7, -7,
    14, 7, 4, -30, -2, 7, -4, 0,
    -4, 5, -4, -12, 0, -4, 4, -5,
    -4, -11, -4, 0, 0, 11, 7, 0,
    -10, 0, -19, -5, 13, -5, -13, 2,
    -5, -12, -12, -4, -13, 0, -4, -23,
    -14, -5, 13, 18, -8, 0, -7, -37,
    4, 0, -5, 0, -9, 0, 4, 12,
    -9, -13, -14, -9, 11, 0, 2, -26,
    -4, 4, -6, -2, -9, 0, -8, -13,
    -5, -5, -4, 0, 0, -9, -8, -4,
    0, 11, 9, -4, -19, 0, -19, -4,
    0, -12, -21, -2, -11, -6, -12, -11,
    -9, -3, 0, -14, -16, -7, -7, 12,
    -12, 0, -9, -21, 0, 0, -5, 0,
    -7, -2, 0, -4, -7, 0, 5, -12,
    4, 0, 0, -19, 0, -4, -8, -6,
    -2, -11, -9, -12, -8, 0, -11, -4,
    -9, -5, -11, -4, 0, 0, 2, 16,
    -6, 0, -11, -4, 0, -4, -7, -9,
    -10, -11, -14, -5, -2, -18, -13, -4,
    -13, -19, 0, 2, -12, 0, -21, -31,
    7, 0, -5, 0, -18, -4, 3, 7,
    -11, -13, -7, -12, 12, -4, 2, -33,
    -7, 7, -8, -6, -13, 0, -11, -15,
    -4, -4, -4, -4, -8, -11, -2, 0,
    0, 11, 11, -2, -23, 0, -21, -6,
    11, -13, -25, -7, -12, -15, -18, -12,
    -12, 0, -4, -21, -19, -9, 11, 11,
    -12, 0, -10, -32, 0, 0, 0, 0,
    -4, 0, 0, 4, -4, 7, 2, -6,
    7, 0, 0, -8, -1, 0, -1, 0,
    2, 2, -3, 0, 0, 0, 0, 0,
    0, -4, 0, 0, 0, 0, 4, 11,
    1, 0, -4, 0, 0, 0, 0, -2,
    -2, -4, 0, 0, 0, 0, 0, 0,
    0, 0, 0, 0, 0, 0, 0, 0,
    2, 4, 0, 0, 0, 0, 4, 0,
    -2, 0, 14, 0, 7, 2, 2, -5,
    0, 7, 0, 0, 0, 4, 0, 0,
    0, 0, 0, 0, 0, 0, 0, 0,
    0, 11, 0, 11, 0, 0, 0, 0,
    0, 0, 0, 0, 0, 0, 0, 0,
    0, 0, 0, 0, 0, 0, 0, 0,
    0, 0, 0, 0, 0, -21, 0, -4,
    5, 0, 11, 0, 0, 33, 4, -7,
    -7, 4, 4, -2, 2, -18, 0, 0,
    18, -21, 0, 0, 0, 0, 0, 0,
    0, 0, 0, 0, 0, -25, 14, 49,
    0, 0, 0, 0, 0, 0, 0, 0,
    0, 0, 0, 0, 0, 0, 0, 0,
    0, 0, 0, 0, 0, 0, 0, 0,
    0, 0, 0, 0, 0, 0, 0, 0,
    0, 0, 0, 0, 0, 0, 0, 0,
    0, 0, 0, 0, 0, 0, 0, 0,
    0, 0, -4, 0, 0, -5, -2, 0,
    0, 0, 0, 0, 0, 0, 0, 0,
    0, 0, 0, 0, 0, 0, 0, 0,
    -2, -4, -4, -5, -2, 0, 0, 1,
    0, 0, -7, -7, 0, -2, 0, -9,
    0, 0, 2, 0, 0, 4, 44, -7,
    -3, 11, 9, -9, 4, 0, 0, 4,
    4, -5, 0, 0, 0, 0, 0, 0,
    0, 0, 0, 0, 0, -46, 11, 0,
    0, 0, 0, 0, 0, 0, 0, 0,
    0, 0, 0, 0, 0, 0, 0, 0,
    0, 0, 0, 0, 0, 0, 0, 0,
    0, 0, 0, -10, 0, 0, 0, -9,
    0, 0, 0, 0, -7, -2, 0, 0,
    0, -7, 0, -4, 0, -16, 0, 0,
    0, 0, 0, 0, 0, 0, 0, 0,
    0, -23, 0, 0, 0, 0, 2, 0,
    0, 0, 0, 0, 0, -4, 0, 0,
    0, 0, -17, 0, 0, -6, 0, 0,
    -4, 0, -17, -3, 0, -5, 0, -9,
    0, 0, 0, -5, 4, -4, 0, 0,
    -9, -4, -8, 0, 0, -9, 0, -4,
    0, -16, 0, -5, 0, 0, -26, -5,
    -14, -5, -13, 0, 0, -23, 0, -9,
    -2, 0, 0, 0, 0, 0, 0, 0,
    0, -5, -6, -3, -2, -8, -10, -2,
    -3, -7, 0, 0, -6, 0, -12, -7,
    0, 0, 0, 0, -7, 0, -8, 5,
    -5, 7, 0, -2, -8, -2, -5, -5,
    0, -4, -2, -2, 2, -9, -2, 0,
    0, 0, -28, -4, -7, 0, -11, 0,
    -2, -16, -2, 0, 0, -2, -3, 0,
    0, 0, 0, 2, 0, -2, -5, -2,
    0, 0, -2, -4, -6, -2, 0, 0,
    -4, 0, -4, -10, 0, 0, 0, 0,
    0, 0, 0, 0, 0, 0, 0, 0,
    0, 0, 0, 0, 0, 0, 0, 0,
    0, 0, 0, 0, 0, 0, 0, 0,
    0, 0, 0, 0, 0, 0, 0, 0,
    0, 0, 0, 0, 0, 0, 0, 9,
    0, 0, 0, 0, 0, 0, 0, 0,
    0, 0, 0, 1, 0, 0, 0, -3,
    0, -7, 0, -2, 0, 0, 0, -7,
    4, 0, 0, 0, -9, -4, -7, 0,
    0, -10, 0, -4, 0, -16, 0, 0,
    0, 0, -33, 0, -7, -13, -18, 0,
    0, -23, 0, -2, -5, 0, 0, 0,
    0, 0, 0, 0, 0, -4, -5, -2,
    -4, 0, -8, -2, -4, -7, 0, 0,
    -6, 0, -7, -4, 2, 0, 0, 5,
    -5, 0, 12, 16, -4, -4, -11, 4,
    16, 5, 7, -9, 4, 14, 4, 10,
    7, 9, 0, 0, 0, 0, 0, 0,
    0, 0, 0, 0, 0, 22, 16, -7,
    -4, 0, -3, 28, 16, 28, 0, 0,
    0, 4, 0, 0, 0, 0, 0, 0,
    0, 0, 16, 0, 0, 0, 0, 0,
    0, 0, -4, 0, 0, 0, 0, 0,
    0, 0, 0, 0, -2, 0, 0, 0,
    0, 0, 0, 0, 0, 7, 0, 0,
    0, 0, -26, -4, -4, -13, -16, 0,
    0, -23, 0, 0, 0, 0, 0, 0,
    0, 0, 0, 0, 0, 0, 0, 0,
    0, -5, -14, 0, -2, 0, 0, 0,
    -2, 0, -8, 0, 0, 0, -4, 0,
    0, 0, 0, 0, 0, 0, 0, 0,
    -2, 0, 0, 0, 0, 0, 0, 0,
    0, 7, 0, 0, 0, 0, -26, -4,
    -4, -13, -16, 0, 0, -10, 0, 0,
    0, 0, 0, 0, 0, 0, 0, 0,
    0, 0, 0, 0, 0, -5, -14, 0,
    -2, 0, 0, 0, -2, 0, -8, 0,
    0, 0, 0, 0, -4, 0, 0, 0,
    -9, 4, 0, -4, 4, 7, 4, -11,
    0, 0, -4, 4, 0, 4, 0, 0,
    0, 0, -6, 0, -2, -2, -7, 0,
    -2, -14, 0, 21, -4, 0, -8, -2,
    0, -2, -6, 0, -4, -11, -7, -4,
    2, 0, -4, 3, -8, 0, 0, 0,
    -5, 0, -4, -16, 0, 0, -4, 0,
    0, 0, 0, 0, 0, 0, 0, 0,
    -2, 0, 0, 0, 0, 0, 0, 0,
    0, 7, 0, 0, 0, 0, -26, -4,
    -4, -13, -16, 0, 0, -23, 0, 0,
    0, 0, 0, 0, 18, 0, 0, 0,
    0, 0, 0, 0, 0, -5, -14, 0,
    -2, 0, 0, 0, -2, 0, -8, 0,
    0, 0, -4, 0, -11, -4, -2, 11,
    -3, -4, -14, 2, 0, 2, -2, -9,
    1, 8, 1, 4, 2, 4, -8, -15,
    -4, 0, -11, -5, -9, -14, -13, 0,
    -4, -7, -4, -5, -3, -2, -4, -2,
    0, -2, -1, 5, 0, 5, -2, 0,
    -13, -5, -4, -13, -6, 0, 0, 0,
    -4, 0, -4, -8, 0, 0, 0, 0,
    0, 0, 0, 0, 0, 0, 0, 0,
    -2, -4, -4, 0, 0, -9, 0, -2,
    0, -5, 0, 0, 0, 0, 0, 0,
    0, 0, 0, 0, 0, -21, 0, 0,
    0, 0, 0, 0, 0, 0, 0, 0,
    0, -4, -4, 0, 0, 0, 0, 0,
    0, 0, 0, 0, -3, 0, 0, -5,
    0, 0, 0, 0, -3, 0, 0, -5,
    -4, 4, 0, -5, -6, -2, 0, -9,
    -2, -7, -2, -4, 0, -5, 0, 0,
    0, 0, 0, 0, 0, 0, 0, 0,
    0, -23, 0, 11, 0, 0, -6, 0,
    0, 0, 0, -5, 0, -4, 0, 0,
    0, 0, 0, 0, 0, 0, 0, 0,
    0, 0, 0, 0, 0, 0, -2, 0,
    -9, 0, 0, 14, -5, -12, -12, 2,
    5, 5, 0, -11, 2, 5, 2, 11,
    2, 12, -2, -10, 0, 0, -10, 0,
    0, -11, -9, 0, 0, -7, 0, -5,
    -6, 0, -5, 0, -5, 0, -2, 5,
    0, -4, -11, -4, -9, 0, -4, -12,
    -5, 1, -5, 0, -2, 0, -4, -9,
    0, 0, -2, 0, -7, 0, 0, 5,
    -9, 0, 4, -4, 4, 2, 0, -12,
    0, -2, -2, 0, -4, 5, -4, 0,
    0, 0, -11, -4, -8, 0, -11, 0,
    0, -16, 0, 12, -4, 0, -6, 0,
    6, 0, -4, 0, -4, -11, 0, -4,
    0, -4, -7, 0, -9, -2, 6, 0,
    -5, 0, -6, -12, 0, 0, 0, 0,
    -2, 0, 0, 4, -5, 2, 0, 0,
    -4, -2, 0, -4, 0, 0, 0, 0,
    0, 0, 0, 0, 0, 0, 0, 0,
    0, 0, 0, 0, 0, -21, 0, 7,
    0, 0, -3, 0, 0, 0, 0, 1,
    0, -4, -4, 0, 0, 0, 0, 0,
    0, 0, 0, 0, 0, 0, 0, 0,
    0, -13, -2, 0, 0, 0, 0, 0,
    0, 0, 0, 0, 0, 0, 0, 0,
    0, 0, 0, 0, 0, -15, -7, 0,
    0, 0, -22, -14, -14, -8, -18, 0,
    0, 0, 0, 0, 0, 0, 0, 0,
    0, 0, 0, 0, 0, -8, 0, 0,
    0, 0, -11, -2, 0, -7, 0, 0,
    -3, 0, -17, -7, 0, 0, 0, 0,
    0, 0, 0, 0, -72, -65, 0, 0,
    0, 0, 0, 0, 0, 0, 0, 0,
    0, 0, -28, -48, 0, 0, 0, 0,
    0, 0, 0, 0, 0, 0, 0, 0,
    0, -2, -51, -27, 0, -27, 0, 0,
    0, -27, -29, 0, -31, 0, -6, -53,
    -44, -26, 0, 0, 0, 0, -35, -74,
    0, -10, -6, 0, 0, 0, -4, 0,
    0, -6, 0, 0, 0, 0, 0, 0,
    0, 0, 0, 0, 0, -13, 0, -4,
    0, -2, -25, 0, -13, -14, -16, 0,
    0, 0, 0, 0, 0, 0, 0, 0,
    0, 0, 0, 0, 0, -7, -7, 0,
    -8, -7, -5, -5, -5, -8, 0, -1,
    -6, 0, -11, -5, 4, 0, -5, 0,
    -9, 0, 4, 12, -9, -13, -14, -9,
    11, 0, 2, -26, -4, 4, -6, -2,
    -9, 0, -8, -13, -5, -5, -4, 0,
    0, -9, -8, -4, 0, 11, 9, -4,
    -19, 0, -19, -12, -7, -12, -21, -2,
    -11, -6, -12, -11, -9, -3, 0, -14,
    -16, -7, -7, 12, -12, 0, -9, -21,
    -2, -7, 0, 0, 0, 0, 0, 0,
    0, 0, 0, 0, 0, 0, 0, 0,
    0, 0, 0, 0, 0, -7, 0, -2,
    0, 0, -13, -4, -12, -9, -12, 0,
    0, 0, 0, 0, 0, 0, 0, 0,
    0, 0, 0, 0, 0, -5, -9, 0,
    -6, 0, -8, -5, -6, -10, 0, 0,
    -6, 0, -15, -7, 0, -7, 0, 0,
    0, 0, 0, 0, -8, 3, 0, 0,
    0, 0, 0, 0, 0, 0, 0, 0,
    0, -16, 0, 2, 0, 0, -10, 0,
    -10, 0, -12, 0, 0, 0, 3, 0,
    0, 0, -4, 0, 0, 0, 0, 0,
    0, -12, -5, 0, 0, 0, -8, 0,
    -4, -12, 0, 0, 0, 0, -16, -18,
    0, 0, 0, 0, 0, 0, 0, 0,
    0, 0, 0, 0, 0, 0, 0, 0,
    0, 0, 0, 0, 0, 0, 0, 0,
    0, 0, 0, 0, 0, 0, 0, 0,
    0, 0, 0, 0, 0, 0, 0, 0,
    0, 0, 0, 0, 0, 0, 0, 0,
    0, 0, 0, 0, 0, 0, 0, 0,
    0, 0, 0, -4, 0, 0, 0, 0,
    0, 0, -4, 0, -5, -18, 0, 0,
    0, 0, 0, 0, 0, 0, 0, 0,
    0, 0, 0, -15, 0, 0, 0, 0,
    -4, -13, -8, 0, 0, 0, 0, 0,
    0, 0, -8, 0, 0, 0, 0, 0,
    0, 1, -2, 0, -15, -2, -4, -13,
    -4, 3, 0, 0, -2, 0, 0, -5,
    0, 0, 0, 0, 0, 0, 0, 0,
    0, -2, 0, 0, 0, 0, 0, 0,
    0, 0, 0, 0, 0, -16, 0, 0,
    0, 0, -39, 0, -13, -11, -12, 0,
    0, 0, -6, 0, 0, 0, 0, 0,
    0, 0, 0, 0, 0, -12, -13, 0,
    -4, 0, -24, -4, -4, -18, 0, 0,
    -6, 0, -19, -11, 0, 0, 0, 0,
    0, 0, 0, 0, 0, 0, 0, 0,
    0, 0, 0, 0, 0, 0, 0, 0,
    0, 0, 0, 0, 0, 0, -23, 0,
    -12, 0, -13, 0, 0, 0, 0, 0,
    0, 0, 0, 0, 0, 0, 0, 0,
    0, 0, 0, 0, 0, 0, -4, 0,
    0, 0, 0, 0, -6, 0, 0, -3,
    0, -7, 0, 0, 0, -4, 0, 0,
    0, 0, 0, 0, 0, 0, 0, 0,
    0, 0, 0, 0, -2, -21, 0, 0,
    0, 0, -12, 0, 0, 0, 0, 0,
    0, 0, 0, 0, 0, 0, -2, 0,
    0, 0, 0, 0, -2, -12, -10, 0,
    0, 0, 0, -2, -2, -14, 0, 0,
    -12, 0, 0, -9, 0, -11, -6, 0,
    0, 0, 0, 0, 0, 0, 0, 0,
    0, 0, 0, 0, 0, 0, 0, 0,
    0, -24, -9, 0, 0, 0, -30, -7,
    -11, -8, -13, 0, 0, 0, -2, 0,
    0, 0, 0, 0, 0, 0, 0, 0,
    0, 0, -5, 0, -6, -8, -14, 0,
    0, -9, 0, 0, -5, 0, -12, -9,
    7, 0, -5, 0, -18, -4, 3, 7,
    -11, -13, -7, -12, 12, -4, 2, -33,
    -7, 7, -8, -6, -13, 0, -11, -15,
    -4, -4, -4, -4, -8, -11, -2, 0,
    0, 11, 11, -2, -23, 0, -21, -13,
    11, -13, -25, -7, -12, -15, -18, -12,
    -12, 0, -4, -21, -19, -9, 11, 11,
    -12, 0, -10, -32, 0, 0, -2, 0,
    -7, 0, 0, 5, -9, 0, 4, -4,
    4, 2, 0, -12, 0, -2, -2, 0,
    -4, 5, -4, 0, 0, 0, -11, -4,
    -8, 0, -11, 0, 0, -16, 0, 12,
    -4, 0, -6, 0, 6, 0, -4, 0,
    -4, -11, 0, -4, 0, -4, -7, 0,
    -9, -2, 18, 0, -5, 0, -6, -12
};


/*Collect the kern class' data in one place*/
static const lv_font_fmt_txt_kern_classes_t kern_classes =
{
    .class_pair_values   = kern_class_values,
    .left_class_mapping  = kern_left_class_mapping,
    .right_class_mapping = kern_right_class_mapping,
    .left_class_cnt      = 74,
    .right_class_cnt     = 60,
};

/*--------------------
 *  ALL CUSTOM DATA
 *--------------------*/

#if LVGL_VERSION_MAJOR == 8
/*Store all the custom data of the font*/
static  lv_font_fmt_txt_glyph_cache_t cache;
#endif

#if LVGL_VERSION_MAJOR >= 8
static const lv_font_fmt_txt_dsc_t font_dsc = {
#else
static lv_font_fmt_txt_dsc_t font_dsc = {
#endif
    .glyph_bitmap = glyph_bitmap,
    .glyph_dsc = glyph_dsc,
    .cmaps = cmaps,
    .kern_dsc = &kern_classes,
    .kern_scale = 16,
    .cmap_num = 5,
    .bpp = 1,
    .kern_classes = 1,
    .bitmap_format = 0,
#if LVGL_VERSION_MAJOR == 8
    .cache = &cache
#endif
};



/*-----------------
 *  PUBLIC FONT
 *----------------*/

/*Initialize a public general font descriptor*/
#if LVGL_VERSION_MAJOR >= 8
const lv_font_t ui_font_Font22 = {
#else
lv_font_t ui_font_Font22 = {
#endif
    .get_glyph_dsc = lv_font_get_glyph_dsc_fmt_txt,    /*Function pointer to get glyph's data*/
    .get_glyph_bitmap = lv_font_get_bitmap_fmt_txt,    /*Function pointer to get glyph's bitmap*/
    .line_height = 24,          /*The maximum line height required by the font*/
    .base_line = 4,             /*Baseline measured from the bottom of the line*/
#if !(LVGL_VERSION_MAJOR == 6 && LVGL_VERSION_MINOR == 0)
    .subpx = LV_FONT_SUBPX_NONE,
#endif
#if LV_VERSION_CHECK(7, 4, 0) || LVGL_VERSION_MAJOR >= 8
    .underline_position = -2,
    .underline_thickness = 1,
#endif
    .dsc = &font_dsc,          /*The custom font data. Will be accessed by `get_glyph_bitmap/dsc` */
#if LV_VERSION_CHECK(8, 2, 0) || LVGL_VERSION_MAJOR >= 9
    .fallback = NULL,
#endif
    .user_data = NULL,
};



#endif /*#if UI_FONT_FONT22*/

